date,py_date,median_price,volume_sold,item,weapon,skin,wear,stattrak,treated_unit,post_treat
Sep 18 2015,2015-09-18,312.2,1,USP-S | Kill Confirmed,USP-S,Kill Confirmed,Factory New,1,1,0
Sep 19 2015,2015-09-19,400.0,1,USP-S | Kill Confirmed,USP-S,Kill Confirmed,Factory New,1,1,0
Sep 20 2015,2015-09-20,406.781,3,USP-S | Kill Confirmed,USP-S,Kill Confirmed,Factory New,1,1,0
Sep 22 2015,2015-09-22,403.73,1,USP-S | Kill Confirmed,USP-S,Kill Confirmed,Factory New,1,1,0
Sep 23 2015,2015-09-23,398.994,2,USP-S | Kill Confirmed,USP-S,Kill Confirmed,Factory New,1,1,0
Sep 24 2015,2015-09-24,384.192,7,USP-S | Kill Confirmed,USP-S,Kill Confirmed,Factory New,1,1,0
Sep 25 2015,2015-09-25,398.692,3,USP-S | Kill Confirmed,USP-S,Kill Confirmed,Factory New,1,1,0
Sep 26 2015,2015-09-26,400.163,3,USP-S | Kill Confirmed,USP-S,Kill Confirmed,Factory New,1,1,0
Sep 27 2015,2015-09-27,399.97,1,USP-S | Kill Confirmed,USP-S,Kill Confirmed,Factory New,1,1,0
Sep 28 2015,2015-09-28,397.87,1,USP-S | Kill Confirmed,USP-S,Kill Confirmed,Factory New,1,1,0
Sep 29 2015,2015-09-29,387.567,6,USP-S | Kill Confirmed,USP-S,Kill Confirmed,Factory New,1,1,0
Sep 30 2015,2015-09-30,400.0,1,USP-S | Kill Confirmed,USP-S,Kill Confirmed,Factory New,1,1,0
Oct 01 2015,2015-10-01,381.591,3,USP-S | Kill Confirmed,USP-S,Kill Confirmed,Factory New,1,1,0
Oct 02 2015,2015-10-02,403.542,1,USP-S | Kill Confirmed,USP-S,Kill Confirmed,Factory New,1,1,0
Oct 03 2015,2015-10-03,359.987,1,USP-S | Kill Confirmed,USP-S,Kill Confirmed,Factory New,1,1,0
Oct 04 2015,2015-10-04,365.283,2,USP-S | Kill Confirmed,USP-S,Kill Confirmed,Factory New,1,1,0
Oct 05 2015,2015-10-05,318.311,4,USP-S | Kill Confirmed,USP-S,Kill Confirmed,Factory New,1,1,0
Oct 06 2015,2015-10-06,304.04,3,USP-S | Kill Confirmed,USP-S,Kill Confirmed,Factory New,1,1,0
Oct 07 2015,2015-10-07,336.675,1,USP-S | Kill Confirmed,USP-S,Kill Confirmed,Factory New,1,1,0
Oct 08 2015,2015-10-08,340.704,3,USP-S | Kill Confirmed,USP-S,Kill Confirmed,Factory New,1,1,0
Oct 09 2015,2015-10-09,375.005,6,USP-S | Kill Confirmed,USP-S,Kill Confirmed,Factory New,1,1,0
Oct 10 2015,2015-10-10,376.999,2,USP-S | Kill Confirmed,USP-S,Kill Confirmed,Factory New,1,1,0
Oct 11 2015,2015-10-11,333.431,2,USP-S | Kill Confirmed,USP-S,Kill Confirmed,Factory New,1,1,0
Oct 12 2015,2015-10-12,328.528,2,USP-S | Kill Confirmed,USP-S,Kill Confirmed,Factory New,1,1,0
Oct 13 2015,2015-10-13,331.05,2,USP-S | Kill Confirmed,USP-S,Kill Confirmed,Factory New,1,1,0
Oct 14 2015,2015-10-14,279.969,3,USP-S | Kill Confirmed,USP-S,Kill Confirmed,Factory New,1,1,0
Oct 15 2015,2015-10-15,308.02,1,USP-S | Kill Confirmed,USP-S,Kill Confirmed,Factory New,1,1,0
Oct 16 2015,2015-10-16,307.209,4,USP-S | Kill Confirmed,USP-S,Kill Confirmed,Factory New,1,1,0
Oct 17 2015,2015-10-17,295.735,3,USP-S | Kill Confirmed,USP-S,Kill Confirmed,Factory New,1,1,0
Oct 18 2015,2015-10-18,274.45,3,USP-S | Kill Confirmed,USP-S,Kill Confirmed,Factory New,1,1,0
Oct 19 2015,2015-10-19,301.643,2,USP-S | Kill Confirmed,USP-S,Kill Confirmed,Factory New,1,1,0
Oct 20 2015,2015-10-20,307.33,1,USP-S | Kill Confirmed,USP-S,Kill Confirmed,Factory New,1,1,0
Oct 21 2015,2015-10-21,272.608,4,USP-S | Kill Confirmed,USP-S,Kill Confirmed,Factory New,1,1,0
Oct 22 2015,2015-10-22,255.77,1,USP-S | Kill Confirmed,USP-S,Kill Confirmed,Factory New,1,1,0
Oct 23 2015,2015-10-23,219.543,2,USP-S | Kill Confirmed,USP-S,Kill Confirmed,Factory New,1,1,0
Oct 24 2015,2015-10-24,255.805,3,USP-S | Kill Confirmed,USP-S,Kill Confirmed,Factory New,1,1,0
Oct 25 2015,2015-10-25,252.215,3,USP-S | Kill Confirmed,USP-S,Kill Confirmed,Factory New,1,1,0
Oct 26 2015,2015-10-26,245.561,3,USP-S | Kill Confirmed,USP-S,Kill Confirmed,Factory New,1,1,0
Oct 27 2015,2015-10-27,240.63,2,USP-S | Kill Confirmed,USP-S,Kill Confirmed,Factory New,1,1,0
Oct 28 2015,2015-10-28,231.384,3,USP-S | Kill Confirmed,USP-S,Kill Confirmed,Factory New,1,1,0
Oct 29 2015,2015-10-29,218.604,3,USP-S | Kill Confirmed,USP-S,Kill Confirmed,Factory New,1,1,0
Oct 30 2015,2015-10-30,233.196,7,USP-S | Kill Confirmed,USP-S,Kill Confirmed,Factory New,1,1,0
Oct 31 2015,2015-10-31,226.693,3,USP-S | Kill Confirmed,USP-S,Kill Confirmed,Factory New,1,1,0
Nov 01 2015,2015-11-01,213.813,5,USP-S | Kill Confirmed,USP-S,Kill Confirmed,Factory New,1,1,0
Nov 02 2015,2015-11-02,223.452,5,USP-S | Kill Confirmed,USP-S,Kill Confirmed,Factory New,1,1,0
Nov 03 2015,2015-11-03,257.946,3,USP-S | Kill Confirmed,USP-S,Kill Confirmed,Factory New,1,1,0
Nov 04 2015,2015-11-04,226.016,1,USP-S | Kill Confirmed,USP-S,Kill Confirmed,Factory New,1,1,0
Nov 05 2015,2015-11-05,249.987,2,USP-S | Kill Confirmed,USP-S,Kill Confirmed,Factory New,1,1,0
Nov 06 2015,2015-11-06,264.458,4,USP-S | Kill Confirmed,USP-S,Kill Confirmed,Factory New,1,1,0
Nov 07 2015,2015-11-07,288.83,1,USP-S | Kill Confirmed,USP-S,Kill Confirmed,Factory New,1,1,0
Nov 08 2015,2015-11-08,242.719,3,USP-S | Kill Confirmed,USP-S,Kill Confirmed,Factory New,1,1,0
Nov 09 2015,2015-11-09,266.008,3,USP-S | Kill Confirmed,USP-S,Kill Confirmed,Factory New,1,1,0
Nov 10 2015,2015-11-10,254.984,1,USP-S | Kill Confirmed,USP-S,Kill Confirmed,Factory New,1,1,0
Nov 11 2015,2015-11-11,213.35,1,USP-S | Kill Confirmed,USP-S,Kill Confirmed,Factory New,1,1,0
Nov 12 2015,2015-11-12,244.279,4,USP-S | Kill Confirmed,USP-S,Kill Confirmed,Factory New,1,1,0
Nov 13 2015,2015-11-13,235.556,4,USP-S | Kill Confirmed,USP-S,Kill Confirmed,Factory New,1,1,0
Nov 14 2015,2015-11-14,235.732,3,USP-S | Kill Confirmed,USP-S,Kill Confirmed,Factory New,1,1,0
Nov 15 2015,2015-11-15,267.237,5,USP-S | Kill Confirmed,USP-S,Kill Confirmed,Factory New,1,1,0
Nov 16 2015,2015-11-16,274.698,2,USP-S | Kill Confirmed,USP-S,Kill Confirmed,Factory New,1,1,0
Nov 18 2015,2015-11-18,240.235,4,USP-S | Kill Confirmed,USP-S,Kill Confirmed,Factory New,1,1,0
Nov 19 2015,2015-11-19,247.643,6,USP-S | Kill Confirmed,USP-S,Kill Confirmed,Factory New,1,1,0
Nov 20 2015,2015-11-20,269.99,1,USP-S | Kill Confirmed,USP-S,Kill Confirmed,Factory New,1,1,0
Nov 21 2015,2015-11-21,236.621,2,USP-S | Kill Confirmed,USP-S,Kill Confirmed,Factory New,1,1,0
Nov 22 2015,2015-11-22,245.569,2,USP-S | Kill Confirmed,USP-S,Kill Confirmed,Factory New,1,1,0
Nov 23 2015,2015-11-23,265.556,1,USP-S | Kill Confirmed,USP-S,Kill Confirmed,Factory New,1,1,0
Nov 24 2015,2015-11-24,246.957,2,USP-S | Kill Confirmed,USP-S,Kill Confirmed,Factory New,1,1,0
Nov 25 2015,2015-11-25,263.989,2,USP-S | Kill Confirmed,USP-S,Kill Confirmed,Factory New,1,1,0
Nov 26 2015,2015-11-26,258.309,3,USP-S | Kill Confirmed,USP-S,Kill Confirmed,Factory New,1,1,0
Nov 27 2015,2015-11-27,254.464,3,USP-S | Kill Confirmed,USP-S,Kill Confirmed,Factory New,1,1,0
Nov 28 2015,2015-11-28,253.066,3,USP-S | Kill Confirmed,USP-S,Kill Confirmed,Factory New,1,1,0
Nov 29 2015,2015-11-29,229.293,2,USP-S | Kill Confirmed,USP-S,Kill Confirmed,Factory New,1,1,0
Nov 30 2015,2015-11-30,210.382,7,USP-S | Kill Confirmed,USP-S,Kill Confirmed,Factory New,1,1,0
Dec 01 2015,2015-12-01,254.786,4,USP-S | Kill Confirmed,USP-S,Kill Confirmed,Factory New,1,1,0
Dec 02 2015,2015-12-02,259.802,3,USP-S | Kill Confirmed,USP-S,Kill Confirmed,Factory New,1,1,0
Dec 03 2015,2015-12-03,267.667,1,USP-S | Kill Confirmed,USP-S,Kill Confirmed,Factory New,1,1,0
Dec 04 2015,2015-12-04,246.75,3,USP-S | Kill Confirmed,USP-S,Kill Confirmed,Factory New,1,1,0
Dec 05 2015,2015-12-05,245.526,4,USP-S | Kill Confirmed,USP-S,Kill Confirmed,Factory New,1,1,0
Dec 06 2015,2015-12-06,250.184,4,USP-S | Kill Confirmed,USP-S,Kill Confirmed,Factory New,1,1,0
Dec 07 2015,2015-12-07,255.716,2,USP-S | Kill Confirmed,USP-S,Kill Confirmed,Factory New,1,1,0
Dec 09 2015,2015-12-09,191.541,4,USP-S | Kill Confirmed,USP-S,Kill Confirmed,Factory New,1,1,0
Dec 10 2015,2015-12-10,277.39,1,USP-S | Kill Confirmed,USP-S,Kill Confirmed,Factory New,1,1,0
Dec 12 2015,2015-12-12,247.652,5,USP-S | Kill Confirmed,USP-S,Kill Confirmed,Factory New,1,1,0
Dec 13 2015,2015-12-13,253.125,2,USP-S | Kill Confirmed,USP-S,Kill Confirmed,Factory New,1,1,0
Dec 14 2015,2015-12-14,236.231,3,USP-S | Kill Confirmed,USP-S,Kill Confirmed,Factory New,1,1,0
Dec 15 2015,2015-12-15,231.491,2,USP-S | Kill Confirmed,USP-S,Kill Confirmed,Factory New,1,1,0
Dec 16 2015,2015-12-16,238.036,1,USP-S | Kill Confirmed,USP-S,Kill Confirmed,Factory New,1,1,0
Dec 17 2015,2015-12-17,243.724,1,USP-S | Kill Confirmed,USP-S,Kill Confirmed,Factory New,1,1,0
Dec 18 2015,2015-12-18,245.466,3,USP-S | Kill Confirmed,USP-S,Kill Confirmed,Factory New,1,1,0
Dec 20 2015,2015-12-20,247.147,4,USP-S | Kill Confirmed,USP-S,Kill Confirmed,Factory New,1,1,0
Dec 22 2015,2015-12-22,399.62,1,USP-S | Kill Confirmed,USP-S,Kill Confirmed,Factory New,1,1,0
Dec 23 2015,2015-12-23,219.748,2,USP-S | Kill Confirmed,USP-S,Kill Confirmed,Factory New,1,1,0
Dec 24 2015,2015-12-24,280.729,2,USP-S | Kill Confirmed,USP-S,Kill Confirmed,Factory New,1,1,0
Dec 27 2015,2015-12-27,238.78,1,USP-S | Kill Confirmed,USP-S,Kill Confirmed,Factory New,1,1,0
Dec 28 2015,2015-12-28,238.894,1,USP-S | Kill Confirmed,USP-S,Kill Confirmed,Factory New,1,1,0
Dec 29 2015,2015-12-29,247.888,1,USP-S | Kill Confirmed,USP-S,Kill Confirmed,Factory New,1,1,0
Dec 30 2015,2015-12-30,241.048,2,USP-S | Kill Confirmed,USP-S,Kill Confirmed,Factory New,1,1,0
Dec 31 2015,2015-12-31,216.73,2,USP-S | Kill Confirmed,USP-S,Kill Confirmed,Factory New,1,1,0
Jan 02 2016,2016-01-02,215.355,2,USP-S | Kill Confirmed,USP-S,Kill Confirmed,Factory New,1,1,0
Jan 03 2016,2016-01-03,217.832,2,USP-S | Kill Confirmed,USP-S,Kill Confirmed,Factory New,1,1,0
Jan 04 2016,2016-01-04,208.925,3,USP-S | Kill Confirmed,USP-S,Kill Confirmed,Factory New,1,1,0
Jan 05 2016,2016-01-05,206.901,4,USP-S | Kill Confirmed,USP-S,Kill Confirmed,Factory New,1,1,0
Jan 06 2016,2016-01-06,208.668,3,USP-S | Kill Confirmed,USP-S,Kill Confirmed,Factory New,1,1,0
Jan 07 2016,2016-01-07,207.0,2,USP-S | Kill Confirmed,USP-S,Kill Confirmed,Factory New,1,1,0
Jan 08 2016,2016-01-08,211.251,1,USP-S | Kill Confirmed,USP-S,Kill Confirmed,Factory New,1,1,0
Jan 09 2016,2016-01-09,241.986,1,USP-S | Kill Confirmed,USP-S,Kill Confirmed,Factory New,1,1,0
Jan 10 2016,2016-01-10,249.954,2,USP-S | Kill Confirmed,USP-S,Kill Confirmed,Factory New,1,1,0
Jan 12 2016,2016-01-12,212.8,1,USP-S | Kill Confirmed,USP-S,Kill Confirmed,Factory New,1,1,0
Jan 13 2016,2016-01-13,207.389,4,USP-S | Kill Confirmed,USP-S,Kill Confirmed,Factory New,1,1,0
Jan 14 2016,2016-01-14,208.166,2,USP-S | Kill Confirmed,USP-S,Kill Confirmed,Factory New,1,1,0
Jan 15 2016,2016-01-15,215.97,1,USP-S | Kill Confirmed,USP-S,Kill Confirmed,Factory New,1,1,0
Jan 17 2016,2016-01-17,238.613,1,USP-S | Kill Confirmed,USP-S,Kill Confirmed,Factory New,1,1,0
Jan 18 2016,2016-01-18,224.482,2,USP-S | Kill Confirmed,USP-S,Kill Confirmed,Factory New,1,1,0
Jan 19 2016,2016-01-19,223.323,1,USP-S | Kill Confirmed,USP-S,Kill Confirmed,Factory New,1,1,0
Jan 20 2016,2016-01-20,228.0,1,USP-S | Kill Confirmed,USP-S,Kill Confirmed,Factory New,1,1,0
Jan 21 2016,2016-01-21,235.162,3,USP-S | Kill Confirmed,USP-S,Kill Confirmed,Factory New,1,1,0
Jan 23 2016,2016-01-23,231.96,2,USP-S | Kill Confirmed,USP-S,Kill Confirmed,Factory New,1,1,0
Jan 24 2016,2016-01-24,249.958,1,USP-S | Kill Confirmed,USP-S,Kill Confirmed,Factory New,1,1,0
Jan 26 2016,2016-01-26,244.46,1,USP-S | Kill Confirmed,USP-S,Kill Confirmed,Factory New,1,1,0
Jan 28 2016,2016-01-28,202.019,1,USP-S | Kill Confirmed,USP-S,Kill Confirmed,Factory New,1,1,0
Jan 29 2016,2016-01-29,217.798,3,USP-S | Kill Confirmed,USP-S,Kill Confirmed,Factory New,1,1,0
Jan 30 2016,2016-01-30,186.803,1,USP-S | Kill Confirmed,USP-S,Kill Confirmed,Factory New,1,1,0
Jan 31 2016,2016-01-31,207.477,4,USP-S | Kill Confirmed,USP-S,Kill Confirmed,Factory New,1,1,0
Feb 01 2016,2016-02-01,231.787,2,USP-S | Kill Confirmed,USP-S,Kill Confirmed,Factory New,1,1,0
Feb 02 2016,2016-02-02,237.3,1,USP-S | Kill Confirmed,USP-S,Kill Confirmed,Factory New,1,1,0
Feb 05 2016,2016-02-05,244.112,3,USP-S | Kill Confirmed,USP-S,Kill Confirmed,Factory New,1,1,0
Feb 06 2016,2016-02-06,243.58,1,USP-S | Kill Confirmed,USP-S,Kill Confirmed,Factory New,1,1,0
Feb 08 2016,2016-02-08,213.373,2,USP-S | Kill Confirmed,USP-S,Kill Confirmed,Factory New,1,1,0
Feb 09 2016,2016-02-09,217.442,2,USP-S | Kill Confirmed,USP-S,Kill Confirmed,Factory New,1,1,0
Feb 12 2016,2016-02-12,174.31,1,USP-S | Kill Confirmed,USP-S,Kill Confirmed,Factory New,1,1,0
Feb 13 2016,2016-02-13,212.41,1,USP-S | Kill Confirmed,USP-S,Kill Confirmed,Factory New,1,1,0
Feb 14 2016,2016-02-14,212.938,2,USP-S | Kill Confirmed,USP-S,Kill Confirmed,Factory New,1,1,0
Feb 15 2016,2016-02-15,213.255,1,USP-S | Kill Confirmed,USP-S,Kill Confirmed,Factory New,1,1,0
Feb 16 2016,2016-02-16,221.386,4,USP-S | Kill Confirmed,USP-S,Kill Confirmed,Factory New,1,1,0
Feb 17 2016,2016-02-17,219.877,1,USP-S | Kill Confirmed,USP-S,Kill Confirmed,Factory New,1,1,0
Feb 18 2016,2016-02-18,219.545,2,USP-S | Kill Confirmed,USP-S,Kill Confirmed,Factory New,1,1,0
Feb 19 2016,2016-02-19,218.664,5,USP-S | Kill Confirmed,USP-S,Kill Confirmed,Factory New,1,1,0
Feb 22 2016,2016-02-22,223.845,2,USP-S | Kill Confirmed,USP-S,Kill Confirmed,Factory New,1,1,0
Feb 23 2016,2016-02-23,227.129,3,USP-S | Kill Confirmed,USP-S,Kill Confirmed,Factory New,1,1,0
Feb 24 2016,2016-02-24,201.078,3,USP-S | Kill Confirmed,USP-S,Kill Confirmed,Factory New,1,1,0
Feb 26 2016,2016-02-26,230.0,1,USP-S | Kill Confirmed,USP-S,Kill Confirmed,Factory New,1,1,0
Feb 27 2016,2016-02-27,220.319,4,USP-S | Kill Confirmed,USP-S,Kill Confirmed,Factory New,1,1,0
Feb 29 2016,2016-02-29,218.11,1,USP-S | Kill Confirmed,USP-S,Kill Confirmed,Factory New,1,1,0
Mar 01 2016,2016-03-01,237.01,3,USP-S | Kill Confirmed,USP-S,Kill Confirmed,Factory New,1,1,0
Mar 02 2016,2016-03-02,245.725,1,USP-S | Kill Confirmed,USP-S,Kill Confirmed,Factory New,1,1,0
Mar 03 2016,2016-03-03,249.23,1,USP-S | Kill Confirmed,USP-S,Kill Confirmed,Factory New,1,1,0
Mar 04 2016,2016-03-04,250.74,1,USP-S | Kill Confirmed,USP-S,Kill Confirmed,Factory New,1,1,0
Mar 05 2016,2016-03-05,248.214,1,USP-S | Kill Confirmed,USP-S,Kill Confirmed,Factory New,1,1,0
Mar 06 2016,2016-03-06,238.43,1,USP-S | Kill Confirmed,USP-S,Kill Confirmed,Factory New,1,1,0
Mar 07 2016,2016-03-07,230.685,2,USP-S | Kill Confirmed,USP-S,Kill Confirmed,Factory New,1,1,0
Mar 08 2016,2016-03-08,231.013,1,USP-S | Kill Confirmed,USP-S,Kill Confirmed,Factory New,1,1,0
Mar 09 2016,2016-03-09,228.35,3,USP-S | Kill Confirmed,USP-S,Kill Confirmed,Factory New,1,1,0
Mar 10 2016,2016-03-10,218.776,2,USP-S | Kill Confirmed,USP-S,Kill Confirmed,Factory New,1,1,0
Mar 12 2016,2016-03-12,233.33,1,USP-S | Kill Confirmed,USP-S,Kill Confirmed,Factory New,1,1,0
Mar 13 2016,2016-03-13,215.062,3,USP-S | Kill Confirmed,USP-S,Kill Confirmed,Factory New,1,1,0
Mar 14 2016,2016-03-14,222.25,1,USP-S | Kill Confirmed,USP-S,Kill Confirmed,Factory New,1,1,0
Mar 15 2016,2016-03-15,213.914,1,USP-S | Kill Confirmed,USP-S,Kill Confirmed,Factory New,1,1,0
Mar 16 2016,2016-03-16,185.551,2,USP-S | Kill Confirmed,USP-S,Kill Confirmed,Factory New,1,1,0
Mar 17 2016,2016-03-17,220.904,1,USP-S | Kill Confirmed,USP-S,Kill Confirmed,Factory New,1,1,0
Mar 19 2016,2016-03-19,225.392,1,USP-S | Kill Confirmed,USP-S,Kill Confirmed,Factory New,1,1,0
Mar 20 2016,2016-03-20,204.664,5,USP-S | Kill Confirmed,USP-S,Kill Confirmed,Factory New,1,1,0
Mar 21 2016,2016-03-21,223.687,3,USP-S | Kill Confirmed,USP-S,Kill Confirmed,Factory New,1,1,0
Mar 22 2016,2016-03-22,226.464,1,USP-S | Kill Confirmed,USP-S,Kill Confirmed,Factory New,1,1,0
Mar 24 2016,2016-03-24,256.972,2,USP-S | Kill Confirmed,USP-S,Kill Confirmed,Factory New,1,1,0
Mar 26 2016,2016-03-26,210.945,2,USP-S | Kill Confirmed,USP-S,Kill Confirmed,Factory New,1,1,0
Mar 27 2016,2016-03-27,217.745,2,USP-S | Kill Confirmed,USP-S,Kill Confirmed,Factory New,1,1,0
Mar 28 2016,2016-03-28,250.032,4,USP-S | Kill Confirmed,USP-S,Kill Confirmed,Factory New,1,1,0
Mar 31 2016,2016-03-31,264.493,1,USP-S | Kill Confirmed,USP-S,Kill Confirmed,Factory New,1,1,0
Apr 01 2016,2016-04-01,258.49,1,USP-S | Kill Confirmed,USP-S,Kill Confirmed,Factory New,1,1,0
Apr 02 2016,2016-04-02,255.014,1,USP-S | Kill Confirmed,USP-S,Kill Confirmed,Factory New,1,1,0
Apr 03 2016,2016-04-03,233.977,4,USP-S | Kill Confirmed,USP-S,Kill Confirmed,Factory New,1,1,0
Apr 04 2016,2016-04-04,257.36,2,USP-S | Kill Confirmed,USP-S,Kill Confirmed,Factory New,1,1,0
Apr 05 2016,2016-04-05,255.03,1,USP-S | Kill Confirmed,USP-S,Kill Confirmed,Factory New,1,1,0
Apr 06 2016,2016-04-06,274.239,1,USP-S | Kill Confirmed,USP-S,Kill Confirmed,Factory New,1,1,0
Apr 08 2016,2016-04-08,269.127,3,USP-S | Kill Confirmed,USP-S,Kill Confirmed,Factory New,1,1,0
Apr 09 2016,2016-04-09,290.018,1,USP-S | Kill Confirmed,USP-S,Kill Confirmed,Factory New,1,1,0
Apr 13 2016,2016-04-13,277.32,1,USP-S | Kill Confirmed,USP-S,Kill Confirmed,Factory New,1,1,0
Apr 15 2016,2016-04-15,288.156,1,USP-S | Kill Confirmed,USP-S,Kill Confirmed,Factory New,1,1,0
Apr 16 2016,2016-04-16,292.995,3,USP-S | Kill Confirmed,USP-S,Kill Confirmed,Factory New,1,1,0
Apr 17 2016,2016-04-17,292.456,1,USP-S | Kill Confirmed,USP-S,Kill Confirmed,Factory New,1,1,0
Apr 18 2016,2016-04-18,267.54,2,USP-S | Kill Confirmed,USP-S,Kill Confirmed,Factory New,1,1,0
Apr 19 2016,2016-04-19,249.98,1,USP-S | Kill Confirmed,USP-S,Kill Confirmed,Factory New,1,1,0
Apr 20 2016,2016-04-20,238.0,1,USP-S | Kill Confirmed,USP-S,Kill Confirmed,Factory New,1,1,0
Apr 21 2016,2016-04-21,273.702,1,USP-S | Kill Confirmed,USP-S,Kill Confirmed,Factory New,1,1,0
Apr 22 2016,2016-04-22,281.753,1,USP-S | Kill Confirmed,USP-S,Kill Confirmed,Factory New,1,1,0
Apr 23 2016,2016-04-23,268.735,1,USP-S | Kill Confirmed,USP-S,Kill Confirmed,Factory New,1,1,0
Apr 24 2016,2016-04-24,280.406,1,USP-S | Kill Confirmed,USP-S,Kill Confirmed,Factory New,1,1,0
Apr 25 2016,2016-04-25,243.297,2,USP-S | Kill Confirmed,USP-S,Kill Confirmed,Factory New,1,1,0
Apr 26 2016,2016-04-26,244.922,1,USP-S | Kill Confirmed,USP-S,Kill Confirmed,Factory New,1,1,0
Apr 28 2016,2016-04-28,278.739,2,USP-S | Kill Confirmed,USP-S,Kill Confirmed,Factory New,1,1,0
Apr 29 2016,2016-04-29,240.142,2,USP-S | Kill Confirmed,USP-S,Kill Confirmed,Factory New,1,1,0
Apr 30 2016,2016-04-30,202.54,2,USP-S | Kill Confirmed,USP-S,Kill Confirmed,Factory New,1,1,0
May 02 2016,2016-05-02,235.191,2,USP-S | Kill Confirmed,USP-S,Kill Confirmed,Factory New,1,1,0
May 03 2016,2016-05-03,280.425,2,USP-S | Kill Confirmed,USP-S,Kill Confirmed,Factory New,1,1,0
May 06 2016,2016-05-06,253.417,2,USP-S | Kill Confirmed,USP-S,Kill Confirmed,Factory New,1,1,0
May 07 2016,2016-05-07,265.447,2,USP-S | Kill Confirmed,USP-S,Kill Confirmed,Factory New,1,1,0
May 09 2016,2016-05-09,263.758,1,USP-S | Kill Confirmed,USP-S,Kill Confirmed,Factory New,1,1,0
May 10 2016,2016-05-10,242.279,2,USP-S | Kill Confirmed,USP-S,Kill Confirmed,Factory New,1,1,0
May 11 2016,2016-05-11,257.443,2,USP-S | Kill Confirmed,USP-S,Kill Confirmed,Factory New,1,1,0
May 12 2016,2016-05-12,220.0,1,USP-S | Kill Confirmed,USP-S,Kill Confirmed,Factory New,1,1,0
May 13 2016,2016-05-13,261.879,3,USP-S | Kill Confirmed,USP-S,Kill Confirmed,Factory New,1,1,0
May 14 2016,2016-05-14,283.97,1,USP-S | Kill Confirmed,USP-S,Kill Confirmed,Factory New,1,1,0
May 15 2016,2016-05-15,246.675,2,USP-S | Kill Confirmed,USP-S,Kill Confirmed,Factory New,1,1,0
May 16 2016,2016-05-16,263.243,2,USP-S | Kill Confirmed,USP-S,Kill Confirmed,Factory New,1,1,0
May 17 2016,2016-05-17,259.272,2,USP-S | Kill Confirmed,USP-S,Kill Confirmed,Factory New,1,1,0
May 18 2016,2016-05-18,276.712,1,USP-S | Kill Confirmed,USP-S,Kill Confirmed,Factory New,1,1,0
May 19 2016,2016-05-19,279.59,1,USP-S | Kill Confirmed,USP-S,Kill Confirmed,Factory New,1,1,0
May 20 2016,2016-05-20,286.551,2,USP-S | Kill Confirmed,USP-S,Kill Confirmed,Factory New,1,1,0
May 21 2016,2016-05-21,244.605,1,USP-S | Kill Confirmed,USP-S,Kill Confirmed,Factory New,1,1,0
May 22 2016,2016-05-22,267.495,2,USP-S | Kill Confirmed,USP-S,Kill Confirmed,Factory New,1,1,0
May 23 2016,2016-05-23,274.781,2,USP-S | Kill Confirmed,USP-S,Kill Confirmed,Factory New,1,1,0
May 25 2016,2016-05-25,265.191,3,USP-S | Kill Confirmed,USP-S,Kill Confirmed,Factory New,1,1,0
May 26 2016,2016-05-26,222.14,1,USP-S | Kill Confirmed,USP-S,Kill Confirmed,Factory New,1,1,0
May 27 2016,2016-05-27,257.977,3,USP-S | Kill Confirmed,USP-S,Kill Confirmed,Factory New,1,1,0
May 29 2016,2016-05-29,253.65,1,USP-S | Kill Confirmed,USP-S,Kill Confirmed,Factory New,1,1,0
May 31 2016,2016-05-31,270.964,1,USP-S | Kill Confirmed,USP-S,Kill Confirmed,Factory New,1,1,0
Jun 01 2016,2016-06-01,267.38,1,USP-S | Kill Confirmed,USP-S,Kill Confirmed,Factory New,1,1,0
Jun 02 2016,2016-06-02,241.75,3,USP-S | Kill Confirmed,USP-S,Kill Confirmed,Factory New,1,1,0
Jun 04 2016,2016-06-04,259.36,1,USP-S | Kill Confirmed,USP-S,Kill Confirmed,Factory New,1,1,0
Jun 05 2016,2016-06-05,259.308,1,USP-S | Kill Confirmed,USP-S,Kill Confirmed,Factory New,1,1,0
Jun 06 2016,2016-06-06,260.007,1,USP-S | Kill Confirmed,USP-S,Kill Confirmed,Factory New,1,1,0
Jun 07 2016,2016-06-07,265.84,1,USP-S | Kill Confirmed,USP-S,Kill Confirmed,Factory New,1,1,0
Jun 08 2016,2016-06-08,261.014,2,USP-S | Kill Confirmed,USP-S,Kill Confirmed,Factory New,1,1,0
Jun 10 2016,2016-06-10,263.445,2,USP-S | Kill Confirmed,USP-S,Kill Confirmed,Factory New,1,1,0
Jun 11 2016,2016-06-11,273.306,2,USP-S | Kill Confirmed,USP-S,Kill Confirmed,Factory New,1,1,0
Jun 15 2016,2016-06-15,283.182,2,USP-S | Kill Confirmed,USP-S,Kill Confirmed,Factory New,1,1,0
Jun 18 2016,2016-06-18,268.943,2,USP-S | Kill Confirmed,USP-S,Kill Confirmed,Factory New,1,1,0
Jun 19 2016,2016-06-19,270.237,1,USP-S | Kill Confirmed,USP-S,Kill Confirmed,Factory New,1,1,0
Jun 22 2016,2016-06-22,236.833,1,USP-S | Kill Confirmed,USP-S,Kill Confirmed,Factory New,1,1,0
Jun 23 2016,2016-06-23,136.238,4,USP-S | Kill Confirmed,USP-S,Kill Confirmed,Factory New,1,1,0
Jun 24 2016,2016-06-24,203.977,3,USP-S | Kill Confirmed,USP-S,Kill Confirmed,Factory New,1,1,0
Jun 25 2016,2016-06-25,206.707,2,USP-S | Kill Confirmed,USP-S,Kill Confirmed,Factory New,1,1,0
Jun 27 2016,2016-06-27,214.999,1,USP-S | Kill Confirmed,USP-S,Kill Confirmed,Factory New,1,1,0
Jun 28 2016,2016-06-28,177.157,1,USP-S | Kill Confirmed,USP-S,Kill Confirmed,Factory New,1,1,0
Jun 29 2016,2016-06-29,246.252,1,USP-S | Kill Confirmed,USP-S,Kill Confirmed,Factory New,1,1,0
Jul 02 2016,2016-07-02,229.488,3,USP-S | Kill Confirmed,USP-S,Kill Confirmed,Factory New,1,1,0
Jul 03 2016,2016-07-03,254.32,1,USP-S | Kill Confirmed,USP-S,Kill Confirmed,Factory New,1,1,0
Jul 04 2016,2016-07-04,210.582,2,USP-S | Kill Confirmed,USP-S,Kill Confirmed,Factory New,1,1,0
Jul 06 2016,2016-07-06,224.997,1,USP-S | Kill Confirmed,USP-S,Kill Confirmed,Factory New,1,1,0
Jul 07 2016,2016-07-07,239.954,1,USP-S | Kill Confirmed,USP-S,Kill Confirmed,Factory New,1,1,0
Jul 08 2016,2016-07-08,252.74,1,USP-S | Kill Confirmed,USP-S,Kill Confirmed,Factory New,1,1,0
Jul 09 2016,2016-07-09,226.958,1,USP-S | Kill Confirmed,USP-S,Kill Confirmed,Factory New,1,1,0
Jul 10 2016,2016-07-10,201.782,3,USP-S | Kill Confirmed,USP-S,Kill Confirmed,Factory New,1,1,0
Jul 11 2016,2016-07-11,209.53,1,USP-S | Kill Confirmed,USP-S,Kill Confirmed,Factory New,1,1,0
Jul 12 2016,2016-07-12,199.959,1,USP-S | Kill Confirmed,USP-S,Kill Confirmed,Factory New,1,1,0
Jul 13 2016,2016-07-13,229.719,2,USP-S | Kill Confirmed,USP-S,Kill Confirmed,Factory New,1,1,0
Jul 14 2016,2016-07-14,226.145,4,USP-S | Kill Confirmed,USP-S,Kill Confirmed,Factory New,1,1,0
Jul 16 2016,2016-07-16,239.504,3,USP-S | Kill Confirmed,USP-S,Kill Confirmed,Factory New,1,1,0
Jul 17 2016,2016-07-17,230.2,1,USP-S | Kill Confirmed,USP-S,Kill Confirmed,Factory New,1,1,0
Jul 18 2016,2016-07-18,237.855,3,USP-S | Kill Confirmed,USP-S,Kill Confirmed,Factory New,1,1,0
Jul 19 2016,2016-07-19,218.5,1,USP-S | Kill Confirmed,USP-S,Kill Confirmed,Factory New,1,1,0
Jul 20 2016,2016-07-20,222.41,1,USP-S | Kill Confirmed,USP-S,Kill Confirmed,Factory New,1,1,0
Jul 22 2016,2016-07-22,221.888,1,USP-S | Kill Confirmed,USP-S,Kill Confirmed,Factory New,1,1,0
Jul 23 2016,2016-07-23,246.07,3,USP-S | Kill Confirmed,USP-S,Kill Confirmed,Factory New,1,1,0
Jul 24 2016,2016-07-24,252.049,1,USP-S | Kill Confirmed,USP-S,Kill Confirmed,Factory New,1,1,0
Jul 27 2016,2016-07-27,294.51,1,USP-S | Kill Confirmed,USP-S,Kill Confirmed,Factory New,1,1,0
Jul 28 2016,2016-07-28,275.69,2,USP-S | Kill Confirmed,USP-S,Kill Confirmed,Factory New,1,1,0
Jul 29 2016,2016-07-29,300.005,1,USP-S | Kill Confirmed,USP-S,Kill Confirmed,Factory New,1,1,0
Jul 30 2016,2016-07-30,228.055,2,USP-S | Kill Confirmed,USP-S,Kill Confirmed,Factory New,1,1,0
Aug 03 2016,2016-08-03,222.57,1,USP-S | Kill Confirmed,USP-S,Kill Confirmed,Factory New,1,1,0
Aug 04 2016,2016-08-04,180.39,1,USP-S | Kill Confirmed,USP-S,Kill Confirmed,Factory New,1,1,0
Aug 05 2016,2016-08-05,220.42,1,USP-S | Kill Confirmed,USP-S,Kill Confirmed,Factory New,1,1,0
Aug 07 2016,2016-08-07,183.99,2,USP-S | Kill Confirmed,USP-S,Kill Confirmed,Factory New,1,1,0
Aug 10 2016,2016-08-10,219.619,1,USP-S | Kill Confirmed,USP-S,Kill Confirmed,Factory New,1,1,0
Aug 11 2016,2016-08-11,239.38,1,USP-S | Kill Confirmed,USP-S,Kill Confirmed,Factory New,1,1,0
Aug 12 2016,2016-08-12,214.889,1,USP-S | Kill Confirmed,USP-S,Kill Confirmed,Factory New,1,1,0
Aug 14 2016,2016-08-14,214.871,1,USP-S | Kill Confirmed,USP-S,Kill Confirmed,Factory New,1,1,0
Aug 15 2016,2016-08-15,217.35,1,USP-S | Kill Confirmed,USP-S,Kill Confirmed,Factory New,1,1,0
Aug 17 2016,2016-08-17,211.629,2,USP-S | Kill Confirmed,USP-S,Kill Confirmed,Factory New,1,1,0
Aug 19 2016,2016-08-19,206.549,3,USP-S | Kill Confirmed,USP-S,Kill Confirmed,Factory New,1,1,0
Aug 20 2016,2016-08-20,193.802,2,USP-S | Kill Confirmed,USP-S,Kill Confirmed,Factory New,1,1,0
Aug 24 2016,2016-08-24,180.887,3,USP-S | Kill Confirmed,USP-S,Kill Confirmed,Factory New,1,1,0
Aug 25 2016,2016-08-25,193.672,1,USP-S | Kill Confirmed,USP-S,Kill Confirmed,Factory New,1,1,0
Aug 26 2016,2016-08-26,194.552,1,USP-S | Kill Confirmed,USP-S,Kill Confirmed,Factory New,1,1,0
Aug 27 2016,2016-08-27,194.247,3,USP-S | Kill Confirmed,USP-S,Kill Confirmed,Factory New,1,1,0
Aug 28 2016,2016-08-28,175.13,2,USP-S | Kill Confirmed,USP-S,Kill Confirmed,Factory New,1,1,0
Aug 29 2016,2016-08-29,200.865,3,USP-S | Kill Confirmed,USP-S,Kill Confirmed,Factory New,1,1,0
Aug 30 2016,2016-08-30,198.577,2,USP-S | Kill Confirmed,USP-S,Kill Confirmed,Factory New,1,1,0
Aug 31 2016,2016-08-31,200.0,1,USP-S | Kill Confirmed,USP-S,Kill Confirmed,Factory New,1,1,0
Sep 01 2016,2016-09-01,194.914,2,USP-S | Kill Confirmed,USP-S,Kill Confirmed,Factory New,1,1,0
Sep 02 2016,2016-09-02,186.883,1,USP-S | Kill Confirmed,USP-S,Kill Confirmed,Factory New,1,1,0
Sep 03 2016,2016-09-03,210.451,1,USP-S | Kill Confirmed,USP-S,Kill Confirmed,Factory New,1,1,0
Sep 04 2016,2016-09-04,212.741,2,USP-S | Kill Confirmed,USP-S,Kill Confirmed,Factory New,1,1,0
Sep 06 2016,2016-09-06,186.731,2,USP-S | Kill Confirmed,USP-S,Kill Confirmed,Factory New,1,1,0
Sep 07 2016,2016-09-07,213.102,1,USP-S | Kill Confirmed,USP-S,Kill Confirmed,Factory New,1,1,0
Sep 09 2016,2016-09-09,214.539,5,USP-S | Kill Confirmed,USP-S,Kill Confirmed,Factory New,1,1,0
Sep 11 2016,2016-09-11,208.78,1,USP-S | Kill Confirmed,USP-S,Kill Confirmed,Factory New,1,1,0
Sep 12 2016,2016-09-12,191.969,2,USP-S | Kill Confirmed,USP-S,Kill Confirmed,Factory New,1,1,0
Sep 13 2016,2016-09-13,208.58,1,USP-S | Kill Confirmed,USP-S,Kill Confirmed,Factory New,1,1,0
Sep 15 2016,2016-09-15,262.033,2,USP-S | Kill Confirmed,USP-S,Kill Confirmed,Factory New,1,1,0
Sep 18 2016,2016-09-18,234.027,3,USP-S | Kill Confirmed,USP-S,Kill Confirmed,Factory New,1,1,0
Sep 19 2016,2016-09-19,182.94,1,USP-S | Kill Confirmed,USP-S,Kill Confirmed,Factory New,1,1,0
Sep 21 2016,2016-09-21,261.049,1,USP-S | Kill Confirmed,USP-S,Kill Confirmed,Factory New,1,1,0
Sep 22 2016,2016-09-22,253.798,1,USP-S | Kill Confirmed,USP-S,Kill Confirmed,Factory New,1,1,0
Sep 23 2016,2016-09-23,249.998,1,USP-S | Kill Confirmed,USP-S,Kill Confirmed,Factory New,1,1,0
Sep 26 2016,2016-09-26,243.69,1,USP-S | Kill Confirmed,USP-S,Kill Confirmed,Factory New,1,1,0
Sep 27 2016,2016-09-27,225.835,3,USP-S | Kill Confirmed,USP-S,Kill Confirmed,Factory New,1,1,0
Sep 28 2016,2016-09-28,205.053,4,USP-S | Kill Confirmed,USP-S,Kill Confirmed,Factory New,1,1,0
Sep 29 2016,2016-09-29,242.331,1,USP-S | Kill Confirmed,USP-S,Kill Confirmed,Factory New,1,1,0
Sep 30 2016,2016-09-30,231.5,1,USP-S | Kill Confirmed,USP-S,Kill Confirmed,Factory New,1,1,0
Oct 02 2016,2016-10-02,226.44,1,USP-S | Kill Confirmed,USP-S,Kill Confirmed,Factory New,1,1,0
Oct 03 2016,2016-10-03,235.033,2,USP-S | Kill Confirmed,USP-S,Kill Confirmed,Factory New,1,1,0
Oct 04 2016,2016-10-04,248.157,1,USP-S | Kill Confirmed,USP-S,Kill Confirmed,Factory New,1,1,0
Oct 05 2016,2016-10-05,264.498,1,USP-S | Kill Confirmed,USP-S,Kill Confirmed,Factory New,1,1,0
Oct 10 2016,2016-10-10,231.665,1,USP-S | Kill Confirmed,USP-S,Kill Confirmed,Factory New,1,1,0
Oct 11 2016,2016-10-11,230.449,3,USP-S | Kill Confirmed,USP-S,Kill Confirmed,Factory New,1,1,0
Oct 13 2016,2016-10-13,233.234,1,USP-S | Kill Confirmed,USP-S,Kill Confirmed,Factory New,1,1,0
Oct 14 2016,2016-10-14,235.015,1,USP-S | Kill Confirmed,USP-S,Kill Confirmed,Factory New,1,1,0
Oct 19 2016,2016-10-19,227.718,3,USP-S | Kill Confirmed,USP-S,Kill Confirmed,Factory New,1,1,0
Oct 22 2016,2016-10-22,234.02,2,USP-S | Kill Confirmed,USP-S,Kill Confirmed,Factory New,1,1,0
Oct 23 2016,2016-10-23,231.448,2,USP-S | Kill Confirmed,USP-S,Kill Confirmed,Factory New,1,1,0
Oct 24 2016,2016-10-24,263.215,2,USP-S | Kill Confirmed,USP-S,Kill Confirmed,Factory New,1,1,0
Oct 28 2016,2016-10-28,247.198,1,USP-S | Kill Confirmed,USP-S,Kill Confirmed,Factory New,1,1,0
Oct 30 2016,2016-10-30,254.262,1,USP-S | Kill Confirmed,USP-S,Kill Confirmed,Factory New,1,1,0
Nov 04 2016,2016-11-04,174.45,2,USP-S | Kill Confirmed,USP-S,Kill Confirmed,Factory New,1,1,0
Nov 06 2016,2016-11-06,189.02,1,USP-S | Kill Confirmed,USP-S,Kill Confirmed,Factory New,1,1,0
Nov 08 2016,2016-11-08,231.32,2,USP-S | Kill Confirmed,USP-S,Kill Confirmed,Factory New,1,1,0
Nov 11 2016,2016-11-11,251.491,2,USP-S | Kill Confirmed,USP-S,Kill Confirmed,Factory New,1,1,0
Nov 13 2016,2016-11-13,195.38,1,USP-S | Kill Confirmed,USP-S,Kill Confirmed,Factory New,1,1,0
Nov 15 2016,2016-11-15,239.927,1,USP-S | Kill Confirmed,USP-S,Kill Confirmed,Factory New,1,1,0
Nov 16 2016,2016-11-16,235.342,1,USP-S | Kill Confirmed,USP-S,Kill Confirmed,Factory New,1,1,0
Nov 17 2016,2016-11-17,236.361,2,USP-S | Kill Confirmed,USP-S,Kill Confirmed,Factory New,1,1,0
Nov 19 2016,2016-11-19,240.274,1,USP-S | Kill Confirmed,USP-S,Kill Confirmed,Factory New,1,1,0
Nov 23 2016,2016-11-23,201.085,2,USP-S | Kill Confirmed,USP-S,Kill Confirmed,Factory New,1,1,0
Nov 24 2016,2016-11-24,252.185,2,USP-S | Kill Confirmed,USP-S,Kill Confirmed,Factory New,1,1,0
Nov 28 2016,2016-11-28,258.072,2,USP-S | Kill Confirmed,USP-S,Kill Confirmed,Factory New,1,1,0
Nov 29 2016,2016-11-29,187.93,1,USP-S | Kill Confirmed,USP-S,Kill Confirmed,Factory New,1,1,0
Nov 30 2016,2016-11-30,249.988,1,USP-S | Kill Confirmed,USP-S,Kill Confirmed,Factory New,1,1,0
Dec 03 2016,2016-12-03,247.29,1,USP-S | Kill Confirmed,USP-S,Kill Confirmed,Factory New,1,1,0
Dec 04 2016,2016-12-04,249.517,3,USP-S | Kill Confirmed,USP-S,Kill Confirmed,Factory New,1,1,0
Dec 05 2016,2016-12-05,372.237,1,USP-S | Kill Confirmed,USP-S,Kill Confirmed,Factory New,1,1,0
Dec 06 2016,2016-12-06,267.06,1,USP-S | Kill Confirmed,USP-S,Kill Confirmed,Factory New,1,1,0
Dec 08 2016,2016-12-08,216.6,1,USP-S | Kill Confirmed,USP-S,Kill Confirmed,Factory New,1,1,0
Dec 09 2016,2016-12-09,29.99,1,USP-S | Kill Confirmed,USP-S,Kill Confirmed,Factory New,1,1,0
Dec 11 2016,2016-12-11,268.0,1,USP-S | Kill Confirmed,USP-S,Kill Confirmed,Factory New,1,1,0
Dec 14 2016,2016-12-14,390.01,1,USP-S | Kill Confirmed,USP-S,Kill Confirmed,Factory New,1,1,0
Dec 15 2016,2016-12-15,315.009,1,USP-S | Kill Confirmed,USP-S,Kill Confirmed,Factory New,1,1,0
Dec 16 2016,2016-12-16,298.999,1,USP-S | Kill Confirmed,USP-S,Kill Confirmed,Factory New,1,1,0
Dec 21 2016,2016-12-21,248.18,1,USP-S | Kill Confirmed,USP-S,Kill Confirmed,Factory New,1,1,0
Dec 22 2016,2016-12-22,245.06,1,USP-S | Kill Confirmed,USP-S,Kill Confirmed,Factory New,1,1,0
Dec 23 2016,2016-12-23,247.22,1,USP-S | Kill Confirmed,USP-S,Kill Confirmed,Factory New,1,1,0
Dec 25 2016,2016-12-25,244.23,2,USP-S | Kill Confirmed,USP-S,Kill Confirmed,Factory New,1,1,0
Dec 27 2016,2016-12-27,208.345,3,USP-S | Kill Confirmed,USP-S,Kill Confirmed,Factory New,1,1,0
Dec 28 2016,2016-12-28,262.78,1,USP-S | Kill Confirmed,USP-S,Kill Confirmed,Factory New,1,1,0
Dec 30 2016,2016-12-30,271.687,1,USP-S | Kill Confirmed,USP-S,Kill Confirmed,Factory New,1,1,0
Jan 02 2017,2017-01-02,273.977,1,USP-S | Kill Confirmed,USP-S,Kill Confirmed,Factory New,1,1,0
Jan 08 2017,2017-01-08,278.848,1,USP-S | Kill Confirmed,USP-S,Kill Confirmed,Factory New,1,1,0
Jan 10 2017,2017-01-10,282.4,1,USP-S | Kill Confirmed,USP-S,Kill Confirmed,Factory New,1,1,0
Jan 11 2017,2017-01-11,278.298,2,USP-S | Kill Confirmed,USP-S,Kill Confirmed,Factory New,1,1,0
Jan 12 2017,2017-01-12,286.85,1,USP-S | Kill Confirmed,USP-S,Kill Confirmed,Factory New,1,1,0
Jan 15 2017,2017-01-15,281.358,1,USP-S | Kill Confirmed,USP-S,Kill Confirmed,Factory New,1,1,0
Jan 18 2017,2017-01-18,316.739,2,USP-S | Kill Confirmed,USP-S,Kill Confirmed,Factory New,1,1,0
Jan 20 2017,2017-01-20,396.749,1,USP-S | Kill Confirmed,USP-S,Kill Confirmed,Factory New,1,1,0
Jan 21 2017,2017-01-21,355.999,1,USP-S | Kill Confirmed,USP-S,Kill Confirmed,Factory New,1,1,0
Jan 23 2017,2017-01-23,353.462,2,USP-S | Kill Confirmed,USP-S,Kill Confirmed,Factory New,1,1,0
Jan 29 2017,2017-01-29,320.75,1,USP-S | Kill Confirmed,USP-S,Kill Confirmed,Factory New,1,1,0
Feb 02 2017,2017-02-02,244.95,1,USP-S | Kill Confirmed,USP-S,Kill Confirmed,Factory New,1,1,0
Feb 04 2017,2017-02-04,280.005,1,USP-S | Kill Confirmed,USP-S,Kill Confirmed,Factory New,1,1,0
Feb 06 2017,2017-02-06,312.888,2,USP-S | Kill Confirmed,USP-S,Kill Confirmed,Factory New,1,1,0
Feb 07 2017,2017-02-07,316.89,1,USP-S | Kill Confirmed,USP-S,Kill Confirmed,Factory New,1,1,0
Feb 08 2017,2017-02-08,319.876,1,USP-S | Kill Confirmed,USP-S,Kill Confirmed,Factory New,1,1,0
Feb 11 2017,2017-02-11,339.53,1,USP-S | Kill Confirmed,USP-S,Kill Confirmed,Factory New,1,1,0
Feb 12 2017,2017-02-12,344.996,1,USP-S | Kill Confirmed,USP-S,Kill Confirmed,Factory New,1,1,0
Feb 16 2017,2017-02-16,330.003,1,USP-S | Kill Confirmed,USP-S,Kill Confirmed,Factory New,1,1,0
Feb 20 2017,2017-02-20,277.845,1,USP-S | Kill Confirmed,USP-S,Kill Confirmed,Factory New,1,1,0
Feb 21 2017,2017-02-21,341.353,2,USP-S | Kill Confirmed,USP-S,Kill Confirmed,Factory New,1,1,0
Feb 22 2017,2017-02-22,272.541,1,USP-S | Kill Confirmed,USP-S,Kill Confirmed,Factory New,1,1,0
Feb 23 2017,2017-02-23,350.002,1,USP-S | Kill Confirmed,USP-S,Kill Confirmed,Factory New,1,1,0
Feb 25 2017,2017-02-25,347.62,1,USP-S | Kill Confirmed,USP-S,Kill Confirmed,Factory New,1,1,0
Feb 27 2017,2017-02-27,257.28,1,USP-S | Kill Confirmed,USP-S,Kill Confirmed,Factory New,1,1,0
Mar 03 2017,2017-03-03,359.35,1,USP-S | Kill Confirmed,USP-S,Kill Confirmed,Factory New,1,1,0
Mar 04 2017,2017-03-04,364.009,1,USP-S | Kill Confirmed,USP-S,Kill Confirmed,Factory New,1,1,0
Mar 05 2017,2017-03-05,364.055,2,USP-S | Kill Confirmed,USP-S,Kill Confirmed,Factory New,1,1,0
Mar 06 2017,2017-03-06,357.349,1,USP-S | Kill Confirmed,USP-S,Kill Confirmed,Factory New,1,1,0
Mar 07 2017,2017-03-07,370.0,1,USP-S | Kill Confirmed,USP-S,Kill Confirmed,Factory New,1,1,0
Mar 08 2017,2017-03-08,370.0,1,USP-S | Kill Confirmed,USP-S,Kill Confirmed,Factory New,1,1,0
Mar 11 2017,2017-03-11,373.75,1,USP-S | Kill Confirmed,USP-S,Kill Confirmed,Factory New,1,1,0
Mar 13 2017,2017-03-13,377.49,1,USP-S | Kill Confirmed,USP-S,Kill Confirmed,Factory New,1,1,0
Mar 16 2017,2017-03-16,289.273,2,USP-S | Kill Confirmed,USP-S,Kill Confirmed,Factory New,1,1,0
Mar 23 2017,2017-03-23,333.483,1,USP-S | Kill Confirmed,USP-S,Kill Confirmed,Factory New,1,1,0
Mar 25 2017,2017-03-25,380.0,1,USP-S | Kill Confirmed,USP-S,Kill Confirmed,Factory New,1,1,0
Mar 27 2017,2017-03-27,379.084,1,USP-S | Kill Confirmed,USP-S,Kill Confirmed,Factory New,1,1,0
Mar 31 2017,2017-03-31,310.58,1,USP-S | Kill Confirmed,USP-S,Kill Confirmed,Factory New,1,1,0
Apr 01 2017,2017-04-01,362.1,1,USP-S | Kill Confirmed,USP-S,Kill Confirmed,Factory New,1,1,0
Apr 06 2017,2017-04-06,333.92,1,USP-S | Kill Confirmed,USP-S,Kill Confirmed,Factory New,1,1,0
Apr 07 2017,2017-04-07,285.86,1,USP-S | Kill Confirmed,USP-S,Kill Confirmed,Factory New,1,1,0
Apr 09 2017,2017-04-09,360.006,1,USP-S | Kill Confirmed,USP-S,Kill Confirmed,Factory New,1,1,0
Apr 10 2017,2017-04-10,334.705,2,USP-S | Kill Confirmed,USP-S,Kill Confirmed,Factory New,1,1,0
Apr 12 2017,2017-04-12,373.49,1,USP-S | Kill Confirmed,USP-S,Kill Confirmed,Factory New,1,1,0
Apr 14 2017,2017-04-14,376.808,1,USP-S | Kill Confirmed,USP-S,Kill Confirmed,Factory New,1,1,0
Apr 16 2017,2017-04-16,293.4,1,USP-S | Kill Confirmed,USP-S,Kill Confirmed,Factory New,1,1,0
Apr 17 2017,2017-04-17,375.705,1,USP-S | Kill Confirmed,USP-S,Kill Confirmed,Factory New,1,1,0
Apr 19 2017,2017-04-19,376.587,1,USP-S | Kill Confirmed,USP-S,Kill Confirmed,Factory New,1,1,0
Apr 20 2017,2017-04-20,299.944,1,USP-S | Kill Confirmed,USP-S,Kill Confirmed,Factory New,1,1,0
Apr 25 2017,2017-04-25,380.328,2,USP-S | Kill Confirmed,USP-S,Kill Confirmed,Factory New,1,1,0
Apr 28 2017,2017-04-28,391.943,1,USP-S | Kill Confirmed,USP-S,Kill Confirmed,Factory New,1,1,0
May 03 2017,2017-05-03,368.25,1,USP-S | Kill Confirmed,USP-S,Kill Confirmed,Factory New,1,1,0
May 05 2017,2017-05-05,377.58,2,USP-S | Kill Confirmed,USP-S,Kill Confirmed,Factory New,1,1,0
May 13 2017,2017-05-13,344.999,1,USP-S | Kill Confirmed,USP-S,Kill Confirmed,Factory New,1,1,0
May 14 2017,2017-05-14,335.99,1,USP-S | Kill Confirmed,USP-S,Kill Confirmed,Factory New,1,1,0
May 18 2017,2017-05-18,345.41,1,USP-S | Kill Confirmed,USP-S,Kill Confirmed,Factory New,1,1,0
May 20 2017,2017-05-20,345.29,1,USP-S | Kill Confirmed,USP-S,Kill Confirmed,Factory New,1,1,0
May 21 2017,2017-05-21,321.143,2,USP-S | Kill Confirmed,USP-S,Kill Confirmed,Factory New,1,1,0
May 22 2017,2017-05-22,357.96,1,USP-S | Kill Confirmed,USP-S,Kill Confirmed,Factory New,1,1,0
May 24 2017,2017-05-24,349.968,1,USP-S | Kill Confirmed,USP-S,Kill Confirmed,Factory New,1,1,0
May 26 2017,2017-05-26,350.0,1,USP-S | Kill Confirmed,USP-S,Kill Confirmed,Factory New,1,1,0
May 29 2017,2017-05-29,273.677,1,USP-S | Kill Confirmed,USP-S,Kill Confirmed,Factory New,1,1,0
Jun 02 2017,2017-06-02,350.009,1,USP-S | Kill Confirmed,USP-S,Kill Confirmed,Factory New,1,1,0
Jun 05 2017,2017-06-05,363.89,1,USP-S | Kill Confirmed,USP-S,Kill Confirmed,Factory New,1,1,0
Jun 08 2017,2017-06-08,374.53,1,USP-S | Kill Confirmed,USP-S,Kill Confirmed,Factory New,1,1,0
Jun 10 2017,2017-06-10,367.49,1,USP-S | Kill Confirmed,USP-S,Kill Confirmed,Factory New,1,1,0
Jun 11 2017,2017-06-11,360.87,1,USP-S | Kill Confirmed,USP-S,Kill Confirmed,Factory New,1,1,0
Jun 12 2017,2017-06-12,303.782,1,USP-S | Kill Confirmed,USP-S,Kill Confirmed,Factory New,1,1,0
Jun 15 2017,2017-06-15,354.47,1,USP-S | Kill Confirmed,USP-S,Kill Confirmed,Factory New,1,1,0
Jun 20 2017,2017-06-20,352.481,1,USP-S | Kill Confirmed,USP-S,Kill Confirmed,Factory New,1,1,0
Jun 22 2017,2017-06-22,296.702,2,USP-S | Kill Confirmed,USP-S,Kill Confirmed,Factory New,1,1,0
Jun 24 2017,2017-06-24,338.248,1,USP-S | Kill Confirmed,USP-S,Kill Confirmed,Factory New,1,1,0
Jun 30 2017,2017-06-30,174.45,6,USP-S | Kill Confirmed,USP-S,Kill Confirmed,Factory New,1,1,0
Jul 01 2017,2017-07-01,320.004,1,USP-S | Kill Confirmed,USP-S,Kill Confirmed,Factory New,1,1,0
Jul 03 2017,2017-07-03,324.997,1,USP-S | Kill Confirmed,USP-S,Kill Confirmed,Factory New,1,1,0
Jul 08 2017,2017-07-08,339.013,1,USP-S | Kill Confirmed,USP-S,Kill Confirmed,Factory New,1,1,0
Jul 09 2017,2017-07-09,356.007,2,USP-S | Kill Confirmed,USP-S,Kill Confirmed,Factory New,1,1,0
Jul 11 2017,2017-07-11,319.89,1,USP-S | Kill Confirmed,USP-S,Kill Confirmed,Factory New,1,1,0
Jul 13 2017,2017-07-13,308.751,1,USP-S | Kill Confirmed,USP-S,Kill Confirmed,Factory New,1,1,0
Jul 17 2017,2017-07-17,306.564,1,USP-S | Kill Confirmed,USP-S,Kill Confirmed,Factory New,1,1,0
Jul 20 2017,2017-07-20,307.397,1,USP-S | Kill Confirmed,USP-S,Kill Confirmed,Factory New,1,1,0
Jul 22 2017,2017-07-22,318.79,1,USP-S | Kill Confirmed,USP-S,Kill Confirmed,Factory New,1,1,0
Jul 23 2017,2017-07-23,313.942,1,USP-S | Kill Confirmed,USP-S,Kill Confirmed,Factory New,1,1,0
Jul 25 2017,2017-07-25,315.938,2,USP-S | Kill Confirmed,USP-S,Kill Confirmed,Factory New,1,1,0
Aug 01 2017,2017-08-01,314.84,1,USP-S | Kill Confirmed,USP-S,Kill Confirmed,Factory New,1,1,0
Aug 02 2017,2017-08-02,318.74,1,USP-S | Kill Confirmed,USP-S,Kill Confirmed,Factory New,1,1,0
Aug 03 2017,2017-08-03,319.3,1,USP-S | Kill Confirmed,USP-S,Kill Confirmed,Factory New,1,1,0
Aug 05 2017,2017-08-05,324.009,1,USP-S | Kill Confirmed,USP-S,Kill Confirmed,Factory New,1,1,0
Aug 06 2017,2017-08-06,340.001,1,USP-S | Kill Confirmed,USP-S,Kill Confirmed,Factory New,1,1,0
Aug 12 2017,2017-08-12,323.649,2,USP-S | Kill Confirmed,USP-S,Kill Confirmed,Factory New,1,1,0
Aug 15 2017,2017-08-15,349.821,1,USP-S | Kill Confirmed,USP-S,Kill Confirmed,Factory New,1,1,0
Aug 20 2017,2017-08-20,321.65,1,USP-S | Kill Confirmed,USP-S,Kill Confirmed,Factory New,1,1,0
Aug 22 2017,2017-08-22,266.65,1,USP-S | Kill Confirmed,USP-S,Kill Confirmed,Factory New,1,1,0
Aug 28 2017,2017-08-28,339.921,1,USP-S | Kill Confirmed,USP-S,Kill Confirmed,Factory New,1,1,0
Sep 03 2017,2017-09-03,329.428,1,USP-S | Kill Confirmed,USP-S,Kill Confirmed,Factory New,1,1,0
Sep 04 2017,2017-09-04,347.473,1,USP-S | Kill Confirmed,USP-S,Kill Confirmed,Factory New,1,1,0
Sep 05 2017,2017-09-05,355.39,1,USP-S | Kill Confirmed,USP-S,Kill Confirmed,Factory New,1,1,0
Sep 07 2017,2017-09-07,358.751,1,USP-S | Kill Confirmed,USP-S,Kill Confirmed,Factory New,1,1,0
Sep 11 2017,2017-09-11,347.306,1,USP-S | Kill Confirmed,USP-S,Kill Confirmed,Factory New,1,1,0
Sep 12 2017,2017-09-12,347.3,1,USP-S | Kill Confirmed,USP-S,Kill Confirmed,Factory New,1,1,0
Sep 14 2017,2017-09-14,346.64,1,USP-S | Kill Confirmed,USP-S,Kill Confirmed,Factory New,1,1,0
Sep 21 2017,2017-09-21,269.99,1,USP-S | Kill Confirmed,USP-S,Kill Confirmed,Factory New,1,1,0
Sep 22 2017,2017-09-22,345.0,1,USP-S | Kill Confirmed,USP-S,Kill Confirmed,Factory New,1,1,0
Sep 24 2017,2017-09-24,284.07,1,USP-S | Kill Confirmed,USP-S,Kill Confirmed,Factory New,1,1,0
Sep 27 2017,2017-09-27,360.329,1,USP-S | Kill Confirmed,USP-S,Kill Confirmed,Factory New,1,1,0
Oct 02 2017,2017-10-02,357.805,1,USP-S | Kill Confirmed,USP-S,Kill Confirmed,Factory New,1,1,0
Oct 03 2017,2017-10-03,355.334,1,USP-S | Kill Confirmed,USP-S,Kill Confirmed,Factory New,1,1,0
Oct 08 2017,2017-10-08,279.27,1,USP-S | Kill Confirmed,USP-S,Kill Confirmed,Factory New,1,1,0
Oct 09 2017,2017-10-09,354.2,1,USP-S | Kill Confirmed,USP-S,Kill Confirmed,Factory New,1,1,0
Oct 12 2017,2017-10-12,284.85,1,USP-S | Kill Confirmed,USP-S,Kill Confirmed,Factory New,1,1,0
Oct 16 2017,2017-10-16,280.28,1,USP-S | Kill Confirmed,USP-S,Kill Confirmed,Factory New,1,1,0
Oct 17 2017,2017-10-17,346.89,1,USP-S | Kill Confirmed,USP-S,Kill Confirmed,Factory New,1,1,0
Oct 20 2017,2017-10-20,284.154,1,USP-S | Kill Confirmed,USP-S,Kill Confirmed,Factory New,1,1,0
Oct 21 2017,2017-10-21,330.154,1,USP-S | Kill Confirmed,USP-S,Kill Confirmed,Factory New,1,1,0
Oct 24 2017,2017-10-24,271.676,1,USP-S | Kill Confirmed,USP-S,Kill Confirmed,Factory New,1,1,0
Oct 28 2017,2017-10-28,333.993,1,USP-S | Kill Confirmed,USP-S,Kill Confirmed,Factory New,1,1,0
Nov 13 2017,2017-11-13,324.94,1,USP-S | Kill Confirmed,USP-S,Kill Confirmed,Factory New,1,1,0
Nov 14 2017,2017-11-14,254.476,2,USP-S | Kill Confirmed,USP-S,Kill Confirmed,Factory New,1,1,0
Nov 17 2017,2017-11-17,316.236,1,USP-S | Kill Confirmed,USP-S,Kill Confirmed,Factory New,1,1,0
Nov 18 2017,2017-11-18,320.5,1,USP-S | Kill Confirmed,USP-S,Kill Confirmed,Factory New,1,1,0
Nov 24 2017,2017-11-24,314.81,1,USP-S | Kill Confirmed,USP-S,Kill Confirmed,Factory New,1,1,0
Nov 25 2017,2017-11-25,321.291,1,USP-S | Kill Confirmed,USP-S,Kill Confirmed,Factory New,1,1,0
Nov 28 2017,2017-11-28,322.719,1,USP-S | Kill Confirmed,USP-S,Kill Confirmed,Factory New,1,1,0
Dec 07 2017,2017-12-07,319.38,1,USP-S | Kill Confirmed,USP-S,Kill Confirmed,Factory New,1,1,0
Dec 08 2017,2017-12-08,320.43,1,USP-S | Kill Confirmed,USP-S,Kill Confirmed,Factory New,1,1,0
Dec 18 2017,2017-12-18,313.95,1,USP-S | Kill Confirmed,USP-S,Kill Confirmed,Factory New,1,1,0
Dec 20 2017,2017-12-20,313.018,1,USP-S | Kill Confirmed,USP-S,Kill Confirmed,Factory New,1,1,0
Dec 24 2017,2017-12-24,270.507,2,USP-S | Kill Confirmed,USP-S,Kill Confirmed,Factory New,1,1,0
Dec 25 2017,2017-12-25,290.115,1,USP-S | Kill Confirmed,USP-S,Kill Confirmed,Factory New,1,1,0
Dec 27 2017,2017-12-27,293.82,1,USP-S | Kill Confirmed,USP-S,Kill Confirmed,Factory New,1,1,0
Dec 30 2017,2017-12-30,299.424,1,USP-S | Kill Confirmed,USP-S,Kill Confirmed,Factory New,1,1,0
Dec 31 2017,2017-12-31,258.93,1,USP-S | Kill Confirmed,USP-S,Kill Confirmed,Factory New,1,1,0
Jan 06 2018,2018-01-06,285.568,1,USP-S | Kill Confirmed,USP-S,Kill Confirmed,Factory New,1,1,0
Jan 07 2018,2018-01-07,338.124,1,USP-S | Kill Confirmed,USP-S,Kill Confirmed,Factory New,1,1,0
Jan 09 2018,2018-01-09,259.03,1,USP-S | Kill Confirmed,USP-S,Kill Confirmed,Factory New,1,1,0
Jan 10 2018,2018-01-10,257.3,1,USP-S | Kill Confirmed,USP-S,Kill Confirmed,Factory New,1,1,0
Jan 13 2018,2018-01-13,315.403,2,USP-S | Kill Confirmed,USP-S,Kill Confirmed,Factory New,1,1,0
Jan 18 2018,2018-01-18,311.278,2,USP-S | Kill Confirmed,USP-S,Kill Confirmed,Factory New,1,1,0
Jan 23 2018,2018-01-23,345.0,1,USP-S | Kill Confirmed,USP-S,Kill Confirmed,Factory New,1,1,0
Jan 27 2018,2018-01-27,372.838,2,USP-S | Kill Confirmed,USP-S,Kill Confirmed,Factory New,1,1,0
Jan 30 2018,2018-01-30,369.782,1,USP-S | Kill Confirmed,USP-S,Kill Confirmed,Factory New,1,1,0
Feb 03 2018,2018-02-03,275.004,1,USP-S | Kill Confirmed,USP-S,Kill Confirmed,Factory New,1,1,0
Feb 04 2018,2018-02-04,465.228,1,USP-S | Kill Confirmed,USP-S,Kill Confirmed,Factory New,1,1,0
Feb 08 2018,2018-02-08,372.56,1,USP-S | Kill Confirmed,USP-S,Kill Confirmed,Factory New,1,1,0
Feb 10 2018,2018-02-10,359.017,1,USP-S | Kill Confirmed,USP-S,Kill Confirmed,Factory New,1,1,0
Feb 11 2018,2018-02-11,366.06,1,USP-S | Kill Confirmed,USP-S,Kill Confirmed,Factory New,1,1,0
Feb 21 2018,2018-02-21,379.335,1,USP-S | Kill Confirmed,USP-S,Kill Confirmed,Factory New,1,1,0
Feb 27 2018,2018-02-27,384.93,1,USP-S | Kill Confirmed,USP-S,Kill Confirmed,Factory New,1,1,0
Mar 03 2018,2018-03-03,362.03,1,USP-S | Kill Confirmed,USP-S,Kill Confirmed,Factory New,1,1,0
Mar 07 2018,2018-03-07,449.863,1,USP-S | Kill Confirmed,USP-S,Kill Confirmed,Factory New,1,1,0
Mar 09 2018,2018-03-09,310.017,1,USP-S | Kill Confirmed,USP-S,Kill Confirmed,Factory New,1,1,0
Mar 13 2018,2018-03-13,300.01,1,USP-S | Kill Confirmed,USP-S,Kill Confirmed,Factory New,1,1,0
Mar 18 2018,2018-03-18,419.451,2,USP-S | Kill Confirmed,USP-S,Kill Confirmed,Factory New,1,1,0
Mar 31 2018,2018-03-31,43.115,1,USP-S | Kill Confirmed,USP-S,Kill Confirmed,Factory New,1,1,1
Apr 02 2018,2018-04-02,295.179,2,USP-S | Kill Confirmed,USP-S,Kill Confirmed,Factory New,1,1,1
Apr 09 2018,2018-04-09,337.849,2,USP-S | Kill Confirmed,USP-S,Kill Confirmed,Factory New,1,1,1
Apr 19 2018,2018-04-19,256.303,1,USP-S | Kill Confirmed,USP-S,Kill Confirmed,Factory New,1,1,1
Apr 22 2018,2018-04-22,251.63,1,USP-S | Kill Confirmed,USP-S,Kill Confirmed,Factory New,1,1,1
Apr 23 2018,2018-04-23,244.385,1,USP-S | Kill Confirmed,USP-S,Kill Confirmed,Factory New,1,1,1
Apr 25 2018,2018-04-25,256.406,1,USP-S | Kill Confirmed,USP-S,Kill Confirmed,Factory New,1,1,1
Apr 26 2018,2018-04-26,266.449,1,USP-S | Kill Confirmed,USP-S,Kill Confirmed,Factory New,1,1,1
Apr 27 2018,2018-04-27,226.721,1,USP-S | Kill Confirmed,USP-S,Kill Confirmed,Factory New,1,1,1
Apr 28 2018,2018-04-28,281.688,1,USP-S | Kill Confirmed,USP-S,Kill Confirmed,Factory New,1,1,1
May 09 2018,2018-05-09,278.378,1,USP-S | Kill Confirmed,USP-S,Kill Confirmed,Factory New,1,1,1
May 11 2018,2018-05-11,281.026,1,USP-S | Kill Confirmed,USP-S,Kill Confirmed,Factory New,1,1,1
May 13 2018,2018-05-13,329.99,1,USP-S | Kill Confirmed,USP-S,Kill Confirmed,Factory New,1,1,1
May 14 2018,2018-05-14,289.6,2,USP-S | Kill Confirmed,USP-S,Kill Confirmed,Factory New,1,1,1
May 15 2018,2018-05-15,220.259,1,USP-S | Kill Confirmed,USP-S,Kill Confirmed,Factory New,1,1,1
May 18 2018,2018-05-18,322.226,1,USP-S | Kill Confirmed,USP-S,Kill Confirmed,Factory New,1,1,1
May 24 2018,2018-05-24,307.01,1,USP-S | Kill Confirmed,USP-S,Kill Confirmed,Factory New,1,1,1
May 30 2018,2018-05-30,301.474,1,USP-S | Kill Confirmed,USP-S,Kill Confirmed,Factory New,1,1,1
May 31 2018,2018-05-31,304.295,2,USP-S | Kill Confirmed,USP-S,Kill Confirmed,Factory New,1,1,1
Jun 01 2018,2018-06-01,234.572,1,USP-S | Kill Confirmed,USP-S,Kill Confirmed,Factory New,1,1,1
Jun 02 2018,2018-06-02,318.998,1,USP-S | Kill Confirmed,USP-S,Kill Confirmed,Factory New,1,1,1
Jun 04 2018,2018-06-04,336.406,2,USP-S | Kill Confirmed,USP-S,Kill Confirmed,Factory New,1,1,1
Jun 10 2018,2018-06-10,279.999,1,USP-S | Kill Confirmed,USP-S,Kill Confirmed,Factory New,1,1,1
Jun 11 2018,2018-06-11,285.719,1,USP-S | Kill Confirmed,USP-S,Kill Confirmed,Factory New,1,1,1
Jun 21 2018,2018-06-21,240.936,1,USP-S | Kill Confirmed,USP-S,Kill Confirmed,Factory New,1,1,1
Jun 22 2018,2018-06-22,314.422,1,USP-S | Kill Confirmed,USP-S,Kill Confirmed,Factory New,1,1,1
Jun 25 2018,2018-06-25,330.322,1,USP-S | Kill Confirmed,USP-S,Kill Confirmed,Factory New,1,1,1
Jun 26 2018,2018-06-26,234.0,1,USP-S | Kill Confirmed,USP-S,Kill Confirmed,Factory New,1,1,1
Jun 28 2018,2018-06-28,334.9,1,USP-S | Kill Confirmed,USP-S,Kill Confirmed,Factory New,1,1,1
Jul 03 2018,2018-07-03,306.87,1,USP-S | Kill Confirmed,USP-S,Kill Confirmed,Factory New,1,1,1
Jul 08 2018,2018-07-08,313.922,1,USP-S | Kill Confirmed,USP-S,Kill Confirmed,Factory New,1,1,1
Jul 09 2018,2018-07-09,245.703,1,USP-S | Kill Confirmed,USP-S,Kill Confirmed,Factory New,1,1,1
Jul 15 2018,2018-07-15,296.379,2,USP-S | Kill Confirmed,USP-S,Kill Confirmed,Factory New,1,1,1
Jul 17 2018,2018-07-17,321.731,1,USP-S | Kill Confirmed,USP-S,Kill Confirmed,Factory New,1,1,1
Jul 24 2018,2018-07-24,340.645,1,USP-S | Kill Confirmed,USP-S,Kill Confirmed,Factory New,1,1,1
Jul 26 2018,2018-07-26,349.853,1,USP-S | Kill Confirmed,USP-S,Kill Confirmed,Factory New,1,1,1
Jul 28 2018,2018-07-28,268.36,1,USP-S | Kill Confirmed,USP-S,Kill Confirmed,Factory New,1,1,1
Aug 03 2018,2018-08-03,345.0,1,USP-S | Kill Confirmed,USP-S,Kill Confirmed,Factory New,1,1,1
Aug 04 2018,2018-08-04,339.185,2,USP-S | Kill Confirmed,USP-S,Kill Confirmed,Factory New,1,1,1
Aug 05 2018,2018-08-05,334.04,1,USP-S | Kill Confirmed,USP-S,Kill Confirmed,Factory New,1,1,1
Aug 09 2018,2018-08-09,333.339,1,USP-S | Kill Confirmed,USP-S,Kill Confirmed,Factory New,1,1,1
Aug 15 2018,2018-08-15,258.044,1,USP-S | Kill Confirmed,USP-S,Kill Confirmed,Factory New,1,1,1
Aug 20 2018,2018-08-20,314.38,1,USP-S | Kill Confirmed,USP-S,Kill Confirmed,Factory New,1,1,1
Aug 25 2018,2018-08-25,298.998,1,USP-S | Kill Confirmed,USP-S,Kill Confirmed,Factory New,1,1,1
Aug 26 2018,2018-08-26,289.65,1,USP-S | Kill Confirmed,USP-S,Kill Confirmed,Factory New,1,1,1
Sep 02 2018,2018-09-02,252.006,1,USP-S | Kill Confirmed,USP-S,Kill Confirmed,Factory New,1,1,1
Sep 03 2018,2018-09-03,279.751,2,USP-S | Kill Confirmed,USP-S,Kill Confirmed,Factory New,1,1,1
Sep 08 2018,2018-09-08,335.215,1,USP-S | Kill Confirmed,USP-S,Kill Confirmed,Factory New,1,1,1
Sep 10 2018,2018-09-10,416.697,1,USP-S | Kill Confirmed,USP-S,Kill Confirmed,Factory New,1,1,1
Sep 16 2018,2018-09-16,251.251,1,USP-S | Kill Confirmed,USP-S,Kill Confirmed,Factory New,1,1,1
Sep 17 2018,2018-09-17,321.743,1,USP-S | Kill Confirmed,USP-S,Kill Confirmed,Factory New,1,1,1
Sep 21 2018,2018-09-21,338.64,1,USP-S | Kill Confirmed,USP-S,Kill Confirmed,Factory New,1,1,1
Sep 27 2018,2018-09-27,279.918,2,USP-S | Kill Confirmed,USP-S,Kill Confirmed,Factory New,1,1,1
Oct 01 2018,2018-10-01,283.427,1,USP-S | Kill Confirmed,USP-S,Kill Confirmed,Factory New,1,1,1
Oct 06 2018,2018-10-06,284.299,1,USP-S | Kill Confirmed,USP-S,Kill Confirmed,Factory New,1,1,1
Oct 14 2018,2018-10-14,265.614,1,USP-S | Kill Confirmed,USP-S,Kill Confirmed,Factory New,1,1,1
Oct 18 2018,2018-10-18,318.695,1,USP-S | Kill Confirmed,USP-S,Kill Confirmed,Factory New,1,1,1
Oct 23 2018,2018-10-23,277.709,1,USP-S | Kill Confirmed,USP-S,Kill Confirmed,Factory New,1,1,1
Oct 24 2018,2018-10-24,399.973,1,USP-S | Kill Confirmed,USP-S,Kill Confirmed,Factory New,1,1,1
Oct 30 2018,2018-10-30,272.533,1,USP-S | Kill Confirmed,USP-S,Kill Confirmed,Factory New,1,1,1
Nov 03 2018,2018-11-03,270.21,1,USP-S | Kill Confirmed,USP-S,Kill Confirmed,Factory New,1,1,1
Nov 05 2018,2018-11-05,270.222,1,USP-S | Kill Confirmed,USP-S,Kill Confirmed,Factory New,1,1,1
Nov 06 2018,2018-11-06,270.12,1,USP-S | Kill Confirmed,USP-S,Kill Confirmed,Factory New,1,1,1
Nov 07 2018,2018-11-07,285.438,1,USP-S | Kill Confirmed,USP-S,Kill Confirmed,Factory New,1,1,1
Nov 08 2018,2018-11-08,257.751,1,USP-S | Kill Confirmed,USP-S,Kill Confirmed,Factory New,1,1,1
Nov 10 2018,2018-11-10,287.5,1,USP-S | Kill Confirmed,USP-S,Kill Confirmed,Factory New,1,1,1
Nov 11 2018,2018-11-11,351.518,1,USP-S | Kill Confirmed,USP-S,Kill Confirmed,Factory New,1,1,1
Nov 13 2018,2018-11-13,261.21,1,USP-S | Kill Confirmed,USP-S,Kill Confirmed,Factory New,1,1,1
Nov 15 2018,2018-11-15,358.693,1,USP-S | Kill Confirmed,USP-S,Kill Confirmed,Factory New,1,1,1
Nov 20 2018,2018-11-20,287.502,1,USP-S | Kill Confirmed,USP-S,Kill Confirmed,Factory New,1,1,1
Nov 22 2018,2018-11-22,284.762,1,USP-S | Kill Confirmed,USP-S,Kill Confirmed,Factory New,1,1,1
Dec 01 2018,2018-12-01,243.91,1,USP-S | Kill Confirmed,USP-S,Kill Confirmed,Factory New,1,1,1
Dec 03 2018,2018-12-03,237.171,1,USP-S | Kill Confirmed,USP-S,Kill Confirmed,Factory New,1,1,1
Dec 07 2018,2018-12-07,427.836,2,USP-S | Kill Confirmed,USP-S,Kill Confirmed,Factory New,1,1,1
Dec 08 2018,2018-12-08,325.0,1,USP-S | Kill Confirmed,USP-S,Kill Confirmed,Factory New,1,1,1
Dec 18 2018,2018-12-18,340.02,1,USP-S | Kill Confirmed,USP-S,Kill Confirmed,Factory New,1,1,1
Dec 23 2018,2018-12-23,302.268,1,USP-S | Kill Confirmed,USP-S,Kill Confirmed,Factory New,1,1,1
Jan 07 2019,2019-01-07,312.072,1,USP-S | Kill Confirmed,USP-S,Kill Confirmed,Factory New,1,1,1
Jan 11 2019,2019-01-11,337.692,1,USP-S | Kill Confirmed,USP-S,Kill Confirmed,Factory New,1,1,1
Jan 15 2019,2019-01-15,318.34,2,USP-S | Kill Confirmed,USP-S,Kill Confirmed,Factory New,1,1,1
Jan 17 2019,2019-01-17,276.609,1,USP-S | Kill Confirmed,USP-S,Kill Confirmed,Factory New,1,1,1
Jan 18 2019,2019-01-18,320.93,1,USP-S | Kill Confirmed,USP-S,Kill Confirmed,Factory New,1,1,1
Jan 25 2019,2019-01-25,340.868,1,USP-S | Kill Confirmed,USP-S,Kill Confirmed,Factory New,1,1,1
Jan 26 2019,2019-01-26,330.69,1,USP-S | Kill Confirmed,USP-S,Kill Confirmed,Factory New,1,1,1
Jan 29 2019,2019-01-29,280.799,1,USP-S | Kill Confirmed,USP-S,Kill Confirmed,Factory New,1,1,1
Feb 02 2019,2019-02-02,303.158,1,USP-S | Kill Confirmed,USP-S,Kill Confirmed,Factory New,1,1,1
Feb 09 2019,2019-02-09,372.88,1,USP-S | Kill Confirmed,USP-S,Kill Confirmed,Factory New,1,1,1
Feb 17 2019,2019-02-17,361.86,1,USP-S | Kill Confirmed,USP-S,Kill Confirmed,Factory New,1,1,1
Feb 18 2019,2019-02-18,260.004,1,USP-S | Kill Confirmed,USP-S,Kill Confirmed,Factory New,1,1,1
Feb 26 2019,2019-02-26,289.92,1,USP-S | Kill Confirmed,USP-S,Kill Confirmed,Factory New,1,1,1
Mar 06 2019,2019-03-06,339.997,1,USP-S | Kill Confirmed,USP-S,Kill Confirmed,Factory New,1,1,1
Mar 08 2019,2019-03-08,362.64,1,USP-S | Kill Confirmed,USP-S,Kill Confirmed,Factory New,1,1,1
Mar 12 2019,2019-03-12,364.48,1,USP-S | Kill Confirmed,USP-S,Kill Confirmed,Factory New,1,1,1
Mar 16 2019,2019-03-16,345.623,1,USP-S | Kill Confirmed,USP-S,Kill Confirmed,Factory New,1,1,1
Mar 20 2019,2019-03-20,359.789,1,USP-S | Kill Confirmed,USP-S,Kill Confirmed,Factory New,1,1,1
Mar 22 2019,2019-03-22,328.144,1,USP-S | Kill Confirmed,USP-S,Kill Confirmed,Factory New,1,1,1
Mar 24 2019,2019-03-24,358.498,2,USP-S | Kill Confirmed,USP-S,Kill Confirmed,Factory New,1,1,1
Mar 27 2019,2019-03-27,363.571,1,USP-S | Kill Confirmed,USP-S,Kill Confirmed,Factory New,1,1,1
Mar 31 2019,2019-03-31,347.937,1,USP-S | Kill Confirmed,USP-S,Kill Confirmed,Factory New,1,1,1
Apr 08 2019,2019-04-08,325.175,2,USP-S | Kill Confirmed,USP-S,Kill Confirmed,Factory New,1,1,1
Apr 13 2019,2019-04-13,359.96,1,USP-S | Kill Confirmed,USP-S,Kill Confirmed,Factory New,1,1,1
Apr 25 2019,2019-04-25,368.0,1,USP-S | Kill Confirmed,USP-S,Kill Confirmed,Factory New,1,1,1
May 10 2019,2019-05-10,323.677,1,USP-S | Kill Confirmed,USP-S,Kill Confirmed,Factory New,1,1,1
May 11 2019,2019-05-11,345.071,1,USP-S | Kill Confirmed,USP-S,Kill Confirmed,Factory New,1,1,1
May 12 2019,2019-05-12,376.525,1,USP-S | Kill Confirmed,USP-S,Kill Confirmed,Factory New,1,1,1
May 16 2019,2019-05-16,378.459,1,USP-S | Kill Confirmed,USP-S,Kill Confirmed,Factory New,1,1,1
May 17 2019,2019-05-17,336.782,1,USP-S | Kill Confirmed,USP-S,Kill Confirmed,Factory New,1,1,1
May 19 2019,2019-05-19,335.47,1,USP-S | Kill Confirmed,USP-S,Kill Confirmed,Factory New,1,1,1
May 22 2019,2019-05-22,379.06,1,USP-S | Kill Confirmed,USP-S,Kill Confirmed,Factory New,1,1,1
May 23 2019,2019-05-23,339.55,1,USP-S | Kill Confirmed,USP-S,Kill Confirmed,Factory New,1,1,1
May 24 2019,2019-05-24,382.824,1,USP-S | Kill Confirmed,USP-S,Kill Confirmed,Factory New,1,1,1
Jun 02 2019,2019-06-02,344.437,1,USP-S | Kill Confirmed,USP-S,Kill Confirmed,Factory New,1,1,1
Jun 04 2019,2019-06-04,355.85,1,USP-S | Kill Confirmed,USP-S,Kill Confirmed,Factory New,1,1,1
Jun 06 2019,2019-06-06,435.73,1,USP-S | Kill Confirmed,USP-S,Kill Confirmed,Factory New,1,1,1
Jun 15 2019,2019-06-15,371.608,2,USP-S | Kill Confirmed,USP-S,Kill Confirmed,Factory New,1,1,1
Jul 04 2019,2019-07-04,541.568,1,USP-S | Kill Confirmed,USP-S,Kill Confirmed,Factory New,1,1,1
Jul 13 2019,2019-07-13,444.222,2,USP-S | Kill Confirmed,USP-S,Kill Confirmed,Factory New,1,1,1
Jul 14 2019,2019-07-14,484.584,1,USP-S | Kill Confirmed,USP-S,Kill Confirmed,Factory New,1,1,1
Jul 16 2019,2019-07-16,483.0,1,USP-S | Kill Confirmed,USP-S,Kill Confirmed,Factory New,1,1,1
Jul 17 2019,2019-07-17,552.435,1,USP-S | Kill Confirmed,USP-S,Kill Confirmed,Factory New,1,1,1
Jul 29 2019,2019-07-29,542.991,1,USP-S | Kill Confirmed,USP-S,Kill Confirmed,Factory New,1,1,1
Jul 31 2019,2019-07-31,442.44,1,USP-S | Kill Confirmed,USP-S,Kill Confirmed,Factory New,1,1,1
Aug 01 2019,2019-08-01,543.34,1,USP-S | Kill Confirmed,USP-S,Kill Confirmed,Factory New,1,1,1
Aug 04 2019,2019-08-04,553.954,1,USP-S | Kill Confirmed,USP-S,Kill Confirmed,Factory New,1,1,1
Aug 09 2019,2019-08-09,446.988,1,USP-S | Kill Confirmed,USP-S,Kill Confirmed,Factory New,1,1,1
Aug 16 2019,2019-08-16,521.638,2,USP-S | Kill Confirmed,USP-S,Kill Confirmed,Factory New,1,1,1
Aug 18 2019,2019-08-18,460.0,1,USP-S | Kill Confirmed,USP-S,Kill Confirmed,Factory New,1,1,1
Aug 26 2019,2019-08-26,538.496,1,USP-S | Kill Confirmed,USP-S,Kill Confirmed,Factory New,1,1,1
Aug 28 2019,2019-08-28,455.991,1,USP-S | Kill Confirmed,USP-S,Kill Confirmed,Factory New,1,1,1
Aug 29 2019,2019-08-29,544.771,2,USP-S | Kill Confirmed,USP-S,Kill Confirmed,Factory New,1,1,1
Sep 11 2019,2019-09-11,545.172,2,USP-S | Kill Confirmed,USP-S,Kill Confirmed,Factory New,1,1,1
Sep 15 2019,2019-09-15,488.44,1,USP-S | Kill Confirmed,USP-S,Kill Confirmed,Factory New,1,1,1
Sep 16 2019,2019-09-16,508.895,1,USP-S | Kill Confirmed,USP-S,Kill Confirmed,Factory New,1,1,1
Sep 22 2019,2019-09-22,502.885,1,USP-S | Kill Confirmed,USP-S,Kill Confirmed,Factory New,1,1,1
Sep 28 2019,2019-09-28,514.266,1,USP-S | Kill Confirmed,USP-S,Kill Confirmed,Factory New,1,1,1
Oct 06 2019,2019-10-06,605.76,1,USP-S | Kill Confirmed,USP-S,Kill Confirmed,Factory New,1,1,1
Oct 11 2019,2019-10-11,558.931,2,USP-S | Kill Confirmed,USP-S,Kill Confirmed,Factory New,1,1,1
Oct 15 2019,2019-10-15,667.001,1,USP-S | Kill Confirmed,USP-S,Kill Confirmed,Factory New,1,1,1
Oct 19 2019,2019-10-19,484.687,2,USP-S | Kill Confirmed,USP-S,Kill Confirmed,Factory New,1,1,1
Oct 23 2019,2019-10-23,493.912,1,USP-S | Kill Confirmed,USP-S,Kill Confirmed,Factory New,1,1,1
Oct 24 2019,2019-10-24,549.701,1,USP-S | Kill Confirmed,USP-S,Kill Confirmed,Factory New,1,1,1
Oct 28 2019,2019-10-28,541.702,1,USP-S | Kill Confirmed,USP-S,Kill Confirmed,Factory New,1,1,1
Oct 31 2019,2019-10-31,471.833,1,USP-S | Kill Confirmed,USP-S,Kill Confirmed,Factory New,1,1,1
Nov 01 2019,2019-11-01,539.075,1,USP-S | Kill Confirmed,USP-S,Kill Confirmed,Factory New,1,1,1
Nov 05 2019,2019-11-05,531.57,1,USP-S | Kill Confirmed,USP-S,Kill Confirmed,Factory New,1,1,1
Nov 06 2019,2019-11-06,532.0,1,USP-S | Kill Confirmed,USP-S,Kill Confirmed,Factory New,1,1,1
Nov 22 2019,2019-11-22,568.27,1,USP-S | Kill Confirmed,USP-S,Kill Confirmed,Factory New,1,1,1
Nov 27 2019,2019-11-27,529.661,1,USP-S | Kill Confirmed,USP-S,Kill Confirmed,Factory New,1,1,1
Nov 29 2019,2019-11-29,619.599,1,USP-S | Kill Confirmed,USP-S,Kill Confirmed,Factory New,1,1,1
Dec 06 2019,2019-12-06,524.664,1,USP-S | Kill Confirmed,USP-S,Kill Confirmed,Factory New,1,1,1
Dec 22 2019,2019-12-22,531.109,1,USP-S | Kill Confirmed,USP-S,Kill Confirmed,Factory New,1,1,1
Dec 24 2019,2019-12-24,602.239,1,USP-S | Kill Confirmed,USP-S,Kill Confirmed,Factory New,1,1,1
Dec 27 2019,2019-12-27,888.017,1,USP-S | Kill Confirmed,USP-S,Kill Confirmed,Factory New,1,1,1
Dec 30 2019,2019-12-30,474.819,1,USP-S | Kill Confirmed,USP-S,Kill Confirmed,Factory New,1,1,1
Dec 31 2019,2019-12-31,516.72,1,USP-S | Kill Confirmed,USP-S,Kill Confirmed,Factory New,1,1,1
Jan 03 2020,2020-01-03,529.713,1,USP-S | Kill Confirmed,USP-S,Kill Confirmed,Factory New,1,1,1
Jan 06 2020,2020-01-06,532.899,2,USP-S | Kill Confirmed,USP-S,Kill Confirmed,Factory New,1,1,1
Jan 08 2020,2020-01-08,546.346,1,USP-S | Kill Confirmed,USP-S,Kill Confirmed,Factory New,1,1,1
Feb 08 2020,2020-02-08,541.738,1,USP-S | Kill Confirmed,USP-S,Kill Confirmed,Factory New,1,1,1
Feb 22 2020,2020-02-22,490.048,1,USP-S | Kill Confirmed,USP-S,Kill Confirmed,Factory New,1,1,1
Feb 26 2020,2020-02-26,487.1,1,USP-S | Kill Confirmed,USP-S,Kill Confirmed,Factory New,1,1,1
Feb 29 2020,2020-02-29,489.968,1,USP-S | Kill Confirmed,USP-S,Kill Confirmed,Factory New,1,1,1
Mar 10 2020,2020-03-10,522.774,1,USP-S | Kill Confirmed,USP-S,Kill Confirmed,Factory New,1,1,1
Mar 26 2020,2020-03-26,647.464,1,USP-S | Kill Confirmed,USP-S,Kill Confirmed,Factory New,1,1,1
Apr 01 2020,2020-04-01,434.216,1,USP-S | Kill Confirmed,USP-S,Kill Confirmed,Factory New,1,1,1
Apr 07 2020,2020-04-07,497.04,1,USP-S | Kill Confirmed,USP-S,Kill Confirmed,Factory New,1,1,1
Apr 12 2020,2020-04-12,709.72,1,USP-S | Kill Confirmed,USP-S,Kill Confirmed,Factory New,1,1,1
Apr 18 2020,2020-04-18,691.43,1,USP-S | Kill Confirmed,USP-S,Kill Confirmed,Factory New,1,1,1
Apr 19 2020,2020-04-19,675.675,1,USP-S | Kill Confirmed,USP-S,Kill Confirmed,Factory New,1,1,1
Apr 21 2020,2020-04-21,525.51,1,USP-S | Kill Confirmed,USP-S,Kill Confirmed,Factory New,1,1,1
May 03 2020,2020-05-03,614.041,1,USP-S | Kill Confirmed,USP-S,Kill Confirmed,Factory New,1,1,1
May 05 2020,2020-05-05,551.854,1,USP-S | Kill Confirmed,USP-S,Kill Confirmed,Factory New,1,1,1
May 10 2020,2020-05-10,1406.11,1,USP-S | Kill Confirmed,USP-S,Kill Confirmed,Factory New,1,1,1
May 14 2020,2020-05-14,899.283,2,USP-S | Kill Confirmed,USP-S,Kill Confirmed,Factory New,1,1,1
May 16 2020,2020-05-16,560.408,1,USP-S | Kill Confirmed,USP-S,Kill Confirmed,Factory New,1,1,1
May 27 2020,2020-05-27,620.006,1,USP-S | Kill Confirmed,USP-S,Kill Confirmed,Factory New,1,1,1
May 31 2020,2020-05-31,570.235,1,USP-S | Kill Confirmed,USP-S,Kill Confirmed,Factory New,1,1,1
Jun 04 2020,2020-06-04,566.75,1,USP-S | Kill Confirmed,USP-S,Kill Confirmed,Factory New,1,1,1
Jun 07 2020,2020-06-07,779.989,1,USP-S | Kill Confirmed,USP-S,Kill Confirmed,Factory New,1,1,1
Jun 30 2020,2020-06-30,799.997,1,USP-S | Kill Confirmed,USP-S,Kill Confirmed,Factory New,1,1,1
Jul 10 2020,2020-07-10,611.109,1,USP-S | Kill Confirmed,USP-S,Kill Confirmed,Factory New,1,1,1
Jul 17 2020,2020-07-17,772.213,1,USP-S | Kill Confirmed,USP-S,Kill Confirmed,Factory New,1,1,1
Jul 26 2020,2020-07-26,707.325,1,USP-S | Kill Confirmed,USP-S,Kill Confirmed,Factory New,1,1,1
Jul 27 2020,2020-07-27,706.215,1,USP-S | Kill Confirmed,USP-S,Kill Confirmed,Factory New,1,1,1
Jul 28 2020,2020-07-28,702.378,1,USP-S | Kill Confirmed,USP-S,Kill Confirmed,Factory New,1,1,1
Aug 01 2020,2020-08-01,576.421,1,USP-S | Kill Confirmed,USP-S,Kill Confirmed,Factory New,1,1,1
Aug 07 2020,2020-08-07,715.087,1,USP-S | Kill Confirmed,USP-S,Kill Confirmed,Factory New,1,1,1
Aug 15 2020,2020-08-15,708.636,1,USP-S | Kill Confirmed,USP-S,Kill Confirmed,Factory New,1,1,1
Aug 27 2020,2020-08-27,565.053,1,USP-S | Kill Confirmed,USP-S,Kill Confirmed,Factory New,1,1,1
Sep 05 2020,2020-09-05,686.02,1,USP-S | Kill Confirmed,USP-S,Kill Confirmed,Factory New,1,1,1
Sep 15 2020,2020-09-15,583.999,1,USP-S | Kill Confirmed,USP-S,Kill Confirmed,Factory New,1,1,1
Sep 21 2020,2020-09-21,1.85,1,USP-S | Kill Confirmed,USP-S,Kill Confirmed,Factory New,1,1,1
Sep 22 2020,2020-09-22,754.54,3,USP-S | Kill Confirmed,USP-S,Kill Confirmed,Factory New,1,1,1
Sep 25 2020,2020-09-25,668.19,1,USP-S | Kill Confirmed,USP-S,Kill Confirmed,Factory New,1,1,1
Oct 03 2020,2020-10-03,670.449,1,USP-S | Kill Confirmed,USP-S,Kill Confirmed,Factory New,1,1,1
Oct 07 2020,2020-10-07,680.001,1,USP-S | Kill Confirmed,USP-S,Kill Confirmed,Factory New,1,1,1
Oct 08 2020,2020-10-08,563.972,1,USP-S | Kill Confirmed,USP-S,Kill Confirmed,Factory New,1,1,1
Oct 17 2020,2020-10-17,643.6,1,USP-S | Kill Confirmed,USP-S,Kill Confirmed,Factory New,1,1,1
Oct 21 2020,2020-10-21,639.93,1,USP-S | Kill Confirmed,USP-S,Kill Confirmed,Factory New,1,1,1
Nov 13 2020,2020-11-13,758.832,1,USP-S | Kill Confirmed,USP-S,Kill Confirmed,Factory New,1,1,1
Nov 22 2020,2020-11-22,650.09,1,USP-S | Kill Confirmed,USP-S,Kill Confirmed,Factory New,1,1,1
Dec 05 2020,2020-12-05,741.206,1,USP-S | Kill Confirmed,USP-S,Kill Confirmed,Factory New,1,1,1
Dec 09 2020,2020-12-09,740.0,1,USP-S | Kill Confirmed,USP-S,Kill Confirmed,Factory New,1,1,1
Jan 01 2021,2021-01-01,606.43,1,USP-S | Kill Confirmed,USP-S,Kill Confirmed,Factory New,1,1,1
Jan 03 2021,2021-01-03,694.91,1,USP-S | Kill Confirmed,USP-S,Kill Confirmed,Factory New,1,1,1
Jan 22 2021,2021-01-22,673.81,1,USP-S | Kill Confirmed,USP-S,Kill Confirmed,Factory New,1,1,1
Jan 28 2021,2021-01-28,730.002,1,USP-S | Kill Confirmed,USP-S,Kill Confirmed,Factory New,1,1,1
Feb 07 2021,2021-02-07,736.24,1,USP-S | Kill Confirmed,USP-S,Kill Confirmed,Factory New,1,1,1
Feb 26 2021,2021-02-26,794.862,1,USP-S | Kill Confirmed,USP-S,Kill Confirmed,Factory New,1,1,1
Mar 14 2021,2021-03-14,774.82,1,USP-S | Kill Confirmed,USP-S,Kill Confirmed,Factory New,1,1,1
Mar 16 2021,2021-03-16,650.02,1,USP-S | Kill Confirmed,USP-S,Kill Confirmed,Factory New,1,1,1
Mar 23 2021,2021-03-23,654.93,2,USP-S | Kill Confirmed,USP-S,Kill Confirmed,Factory New,1,1,1
Mar 27 2021,2021-03-27,735.02,1,USP-S | Kill Confirmed,USP-S,Kill Confirmed,Factory New,1,1,1
Mar 28 2021,2021-03-28,680.11,1,USP-S | Kill Confirmed,USP-S,Kill Confirmed,Factory New,1,1,1
Mar 31 2021,2021-03-31,773.902,2,USP-S | Kill Confirmed,USP-S,Kill Confirmed,Factory New,1,1,1
Apr 02 2021,2021-04-02,733.02,1,USP-S | Kill Confirmed,USP-S,Kill Confirmed,Factory New,1,1,1
Apr 03 2021,2021-04-03,733.1,1,USP-S | Kill Confirmed,USP-S,Kill Confirmed,Factory New,1,1,1
Apr 18 2021,2021-04-18,733.915,1,USP-S | Kill Confirmed,USP-S,Kill Confirmed,Factory New,1,1,1
Apr 29 2021,2021-04-29,728.53,1,USP-S | Kill Confirmed,USP-S,Kill Confirmed,Factory New,1,1,1
Apr 30 2021,2021-04-30,1000.005,1,USP-S | Kill Confirmed,USP-S,Kill Confirmed,Factory New,1,1,1
May 05 2021,2021-05-05,743.495,2,USP-S | Kill Confirmed,USP-S,Kill Confirmed,Factory New,1,1,1
May 06 2021,2021-05-06,765.9,1,USP-S | Kill Confirmed,USP-S,Kill Confirmed,Factory New,1,1,1
May 08 2021,2021-05-08,790.25,1,USP-S | Kill Confirmed,USP-S,Kill Confirmed,Factory New,1,1,1
May 12 2021,2021-05-12,824.25,1,USP-S | Kill Confirmed,USP-S,Kill Confirmed,Factory New,1,1,1
May 14 2021,2021-05-14,768.03,2,USP-S | Kill Confirmed,USP-S,Kill Confirmed,Factory New,1,1,1
May 19 2021,2021-05-19,748.42,1,USP-S | Kill Confirmed,USP-S,Kill Confirmed,Factory New,1,1,1
Jun 03 2021,2021-06-03,992.52,1,USP-S | Kill Confirmed,USP-S,Kill Confirmed,Factory New,1,1,1
Jun 04 2021,2021-06-04,916.245,2,USP-S | Kill Confirmed,USP-S,Kill Confirmed,Factory New,1,1,1
Jun 06 2021,2021-06-06,1005.633,1,USP-S | Kill Confirmed,USP-S,Kill Confirmed,Factory New,1,1,1
Jun 08 2021,2021-06-08,1249.705,1,USP-S | Kill Confirmed,USP-S,Kill Confirmed,Factory New,1,1,1
Jun 19 2021,2021-06-19,1317.21,1,USP-S | Kill Confirmed,USP-S,Kill Confirmed,Factory New,1,1,1
Jun 24 2021,2021-06-24,918.332,1,USP-S | Kill Confirmed,USP-S,Kill Confirmed,Factory New,1,1,1
Jun 27 2021,2021-06-27,895.62,1,USP-S | Kill Confirmed,USP-S,Kill Confirmed,Factory New,1,1,1
Jul 03 2021,2021-07-03,788.174,1,USP-S | Kill Confirmed,USP-S,Kill Confirmed,Factory New,1,1,1
Jul 19 2021,2021-07-19,812.432,1,USP-S | Kill Confirmed,USP-S,Kill Confirmed,Factory New,1,1,1
Jul 29 2021,2021-07-29,749.6,1,USP-S | Kill Confirmed,USP-S,Kill Confirmed,Factory New,1,1,1
Aug 04 2021,2021-08-04,926.434,1,USP-S | Kill Confirmed,USP-S,Kill Confirmed,Factory New,1,1,1
Aug 10 2021,2021-08-10,897.38,2,USP-S | Kill Confirmed,USP-S,Kill Confirmed,Factory New,1,1,1
Aug 26 2021,2021-08-26,724.541,1,USP-S | Kill Confirmed,USP-S,Kill Confirmed,Factory New,1,1,1
Aug 27 2021,2021-08-27,701.0,1,USP-S | Kill Confirmed,USP-S,Kill Confirmed,Factory New,1,1,1
Aug 28 2021,2021-08-28,701.5,1,USP-S | Kill Confirmed,USP-S,Kill Confirmed,Factory New,1,1,1
Sep 19 2021,2021-09-19,1065.36,1,USP-S | Kill Confirmed,USP-S,Kill Confirmed,Factory New,1,1,1
Sep 30 2021,2021-09-30,694.18,1,USP-S | Kill Confirmed,USP-S,Kill Confirmed,Factory New,1,1,1
Oct 01 2021,2021-10-01,694.632,1,USP-S | Kill Confirmed,USP-S,Kill Confirmed,Factory New,1,1,1
Oct 12 2021,2021-10-12,636.94,2,USP-S | Kill Confirmed,USP-S,Kill Confirmed,Factory New,1,1,1
Oct 19 2021,2021-10-19,623.45,1,USP-S | Kill Confirmed,USP-S,Kill Confirmed,Factory New,1,1,1
Oct 20 2021,2021-10-20,610.006,1,USP-S | Kill Confirmed,USP-S,Kill Confirmed,Factory New,1,1,1
Oct 23 2021,2021-10-23,611.5,1,USP-S | Kill Confirmed,USP-S,Kill Confirmed,Factory New,1,1,1
Oct 31 2021,2021-10-31,625.006,1,USP-S | Kill Confirmed,USP-S,Kill Confirmed,Factory New,1,1,1
Nov 04 2021,2021-11-04,588.48,2,USP-S | Kill Confirmed,USP-S,Kill Confirmed,Factory New,1,1,1
Nov 05 2021,2021-11-05,730.657,2,USP-S | Kill Confirmed,USP-S,Kill Confirmed,Factory New,1,1,1
Nov 25 2021,2021-11-25,664.865,2,USP-S | Kill Confirmed,USP-S,Kill Confirmed,Factory New,1,1,1
Dec 08 2021,2021-12-08,580.0,1,USP-S | Kill Confirmed,USP-S,Kill Confirmed,Factory New,1,1,1
Dec 15 2021,2021-12-15,540.5,1,USP-S | Kill Confirmed,USP-S,Kill Confirmed,Factory New,1,1,1
Dec 17 2021,2021-12-17,530.0,1,USP-S | Kill Confirmed,USP-S,Kill Confirmed,Factory New,1,1,1
Dec 18 2021,2021-12-18,552.5,1,USP-S | Kill Confirmed,USP-S,Kill Confirmed,Factory New,1,1,1
Dec 21 2021,2021-12-21,1011.58,1,USP-S | Kill Confirmed,USP-S,Kill Confirmed,Factory New,1,1,1
Dec 22 2021,2021-12-22,674.385,1,USP-S | Kill Confirmed,USP-S,Kill Confirmed,Factory New,1,1,1
Jan 11 2022,2022-01-11,616.55,1,USP-S | Kill Confirmed,USP-S,Kill Confirmed,Factory New,1,1,1
Jan 16 2022,2022-01-16,625.45,1,USP-S | Kill Confirmed,USP-S,Kill Confirmed,Factory New,1,1,1
Jan 17 2022,2022-01-17,630.31,1,USP-S | Kill Confirmed,USP-S,Kill Confirmed,Factory New,1,1,1
Jan 18 2022,2022-01-18,629.66,1,USP-S | Kill Confirmed,USP-S,Kill Confirmed,Factory New,1,1,1
Jan 19 2022,2022-01-19,794.52,1,USP-S | Kill Confirmed,USP-S,Kill Confirmed,Factory New,1,1,1
Jan 22 2022,2022-01-22,650.99,1,USP-S | Kill Confirmed,USP-S,Kill Confirmed,Factory New,1,1,1
Jan 29 2022,2022-01-29,623.949,1,USP-S | Kill Confirmed,USP-S,Kill Confirmed,Factory New,1,1,1
Feb 04 2022,2022-02-04,577.21,1,USP-S | Kill Confirmed,USP-S,Kill Confirmed,Factory New,1,1,1
Feb 07 2022,2022-02-07,720.067,1,USP-S | Kill Confirmed,USP-S,Kill Confirmed,Factory New,1,1,1
Feb 09 2022,2022-02-09,656.22,1,USP-S | Kill Confirmed,USP-S,Kill Confirmed,Factory New,1,1,1
Feb 23 2022,2022-02-23,593.01,1,USP-S | Kill Confirmed,USP-S,Kill Confirmed,Factory New,1,1,1
Mar 12 2022,2022-03-12,601.06,1,USP-S | Kill Confirmed,USP-S,Kill Confirmed,Factory New,1,1,1
Mar 13 2022,2022-03-13,601.04,1,USP-S | Kill Confirmed,USP-S,Kill Confirmed,Factory New,1,1,1
Mar 20 2022,2022-03-20,609.19,1,USP-S | Kill Confirmed,USP-S,Kill Confirmed,Factory New,1,1,1
Apr 02 2022,2022-04-02,651.905,2,USP-S | Kill Confirmed,USP-S,Kill Confirmed,Factory New,1,1,1
Apr 03 2022,2022-04-03,580.75,1,USP-S | Kill Confirmed,USP-S,Kill Confirmed,Factory New,1,1,1
Apr 06 2022,2022-04-06,665.94,1,USP-S | Kill Confirmed,USP-S,Kill Confirmed,Factory New,1,1,1
Apr 08 2022,2022-04-08,698.0,1,USP-S | Kill Confirmed,USP-S,Kill Confirmed,Factory New,1,1,1
Apr 11 2022,2022-04-11,599.15,1,USP-S | Kill Confirmed,USP-S,Kill Confirmed,Factory New,1,1,1
Apr 20 2022,2022-04-20,634.0,1,USP-S | Kill Confirmed,USP-S,Kill Confirmed,Factory New,1,1,1
May 18 2022,2022-05-18,714.132,1,USP-S | Kill Confirmed,USP-S,Kill Confirmed,Factory New,1,1,1
May 21 2022,2022-05-21,688.97,1,USP-S | Kill Confirmed,USP-S,Kill Confirmed,Factory New,1,1,1
May 31 2022,2022-05-31,989.85,1,USP-S | Kill Confirmed,USP-S,Kill Confirmed,Factory New,1,1,1
Jun 02 2022,2022-06-02,545.81,1,USP-S | Kill Confirmed,USP-S,Kill Confirmed,Factory New,1,1,1
Jun 14 2022,2022-06-14,814.712,1,USP-S | Kill Confirmed,USP-S,Kill Confirmed,Factory New,1,1,1
Jun 16 2022,2022-06-16,551.57,1,USP-S | Kill Confirmed,USP-S,Kill Confirmed,Factory New,1,1,1
Jun 26 2022,2022-06-26,818.18,1,USP-S | Kill Confirmed,USP-S,Kill Confirmed,Factory New,1,1,1
Jun 30 2022,2022-06-30,499.99,1,USP-S | Kill Confirmed,USP-S,Kill Confirmed,Factory New,1,1,1
Jul 06 2022,2022-07-06,575.2,1,USP-S | Kill Confirmed,USP-S,Kill Confirmed,Factory New,1,1,1
Jul 07 2022,2022-07-07,576.256,1,USP-S | Kill Confirmed,USP-S,Kill Confirmed,Factory New,1,1,1
Jul 09 2022,2022-07-09,646.893,1,USP-S | Kill Confirmed,USP-S,Kill Confirmed,Factory New,1,1,1
Jul 13 2022,2022-07-13,647.96,1,USP-S | Kill Confirmed,USP-S,Kill Confirmed,Factory New,1,1,1
Jul 16 2022,2022-07-16,596.11,1,USP-S | Kill Confirmed,USP-S,Kill Confirmed,Factory New,1,1,1
Jul 21 2022,2022-07-21,698.1,1,USP-S | Kill Confirmed,USP-S,Kill Confirmed,Factory New,1,1,1
Jul 26 2022,2022-07-26,710.954,2,USP-S | Kill Confirmed,USP-S,Kill Confirmed,Factory New,1,1,1
Jul 28 2022,2022-07-28,596.44,1,USP-S | Kill Confirmed,USP-S,Kill Confirmed,Factory New,1,1,1
Aug 10 2022,2022-08-10,610.1,1,USP-S | Kill Confirmed,USP-S,Kill Confirmed,Factory New,1,1,1
Aug 13 2022,2022-08-13,885.953,1,USP-S | Kill Confirmed,USP-S,Kill Confirmed,Factory New,1,1,1
Aug 15 2022,2022-08-15,585.09,1,USP-S | Kill Confirmed,USP-S,Kill Confirmed,Factory New,1,1,1
Aug 21 2022,2022-08-21,578.429,1,USP-S | Kill Confirmed,USP-S,Kill Confirmed,Factory New,1,1,1
Sep 13 2022,2022-09-13,548.1,1,USP-S | Kill Confirmed,USP-S,Kill Confirmed,Factory New,1,1,1
Sep 18 2022,2022-09-18,475.524,1,USP-S | Kill Confirmed,USP-S,Kill Confirmed,Factory New,1,1,1
Oct 03 2022,2022-10-03,549.984,1,USP-S | Kill Confirmed,USP-S,Kill Confirmed,Factory New,1,1,1
Oct 06 2022,2022-10-06,524.0,1,USP-S | Kill Confirmed,USP-S,Kill Confirmed,Factory New,1,1,1
Oct 11 2022,2022-10-11,550.0,1,USP-S | Kill Confirmed,USP-S,Kill Confirmed,Factory New,1,1,1
Oct 25 2022,2022-10-25,569.784,1,USP-S | Kill Confirmed,USP-S,Kill Confirmed,Factory New,1,1,1
Nov 04 2022,2022-11-04,530.14,1,USP-S | Kill Confirmed,USP-S,Kill Confirmed,Factory New,1,1,1
Nov 10 2022,2022-11-10,525.72,1,USP-S | Kill Confirmed,USP-S,Kill Confirmed,Factory New,1,1,1
Nov 14 2022,2022-11-14,559.996,1,USP-S | Kill Confirmed,USP-S,Kill Confirmed,Factory New,1,1,1
Dec 04 2022,2022-12-04,465.13,1,USP-S | Kill Confirmed,USP-S,Kill Confirmed,Factory New,1,1,1
Dec 14 2022,2022-12-14,484.86,1,USP-S | Kill Confirmed,USP-S,Kill Confirmed,Factory New,1,1,1
Dec 26 2022,2022-12-26,479.98,1,USP-S | Kill Confirmed,USP-S,Kill Confirmed,Factory New,1,1,1
Dec 30 2022,2022-12-30,508.7,1,USP-S | Kill Confirmed,USP-S,Kill Confirmed,Factory New,1,1,1
Dec 31 2022,2022-12-31,577.814,1,USP-S | Kill Confirmed,USP-S,Kill Confirmed,Factory New,1,1,1
Jan 01 2023,2023-01-01,694.03,1,USP-S | Kill Confirmed,USP-S,Kill Confirmed,Factory New,1,1,1
Jan 05 2023,2023-01-05,512.83,1,USP-S | Kill Confirmed,USP-S,Kill Confirmed,Factory New,1,1,1
Jan 10 2023,2023-01-10,515.17,1,USP-S | Kill Confirmed,USP-S,Kill Confirmed,Factory New,1,1,1
Jan 12 2023,2023-01-12,525.97,1,USP-S | Kill Confirmed,USP-S,Kill Confirmed,Factory New,1,1,1
Jan 14 2023,2023-01-14,528.0,1,USP-S | Kill Confirmed,USP-S,Kill Confirmed,Factory New,1,1,1
Jan 15 2023,2023-01-15,693.02,1,USP-S | Kill Confirmed,USP-S,Kill Confirmed,Factory New,1,1,1
Jan 31 2023,2023-01-31,484.51,1,USP-S | Kill Confirmed,USP-S,Kill Confirmed,Factory New,1,1,1
Feb 05 2023,2023-02-05,493.94,1,USP-S | Kill Confirmed,USP-S,Kill Confirmed,Factory New,1,1,1
Feb 10 2023,2023-02-10,516.37,1,USP-S | Kill Confirmed,USP-S,Kill Confirmed,Factory New,1,1,1
Feb 11 2023,2023-02-11,474.99,1,USP-S | Kill Confirmed,USP-S,Kill Confirmed,Factory New,1,1,1
Feb 12 2023,2023-02-12,525.0,1,USP-S | Kill Confirmed,USP-S,Kill Confirmed,Factory New,1,1,1
Feb 13 2023,2023-02-13,579.215,3,USP-S | Kill Confirmed,USP-S,Kill Confirmed,Factory New,1,1,1
Feb 21 2023,2023-02-21,526.528,1,USP-S | Kill Confirmed,USP-S,Kill Confirmed,Factory New,1,1,1
Feb 26 2023,2023-02-26,636.762,1,USP-S | Kill Confirmed,USP-S,Kill Confirmed,Factory New,1,1,1
Mar 04 2023,2023-03-04,530.3,1,USP-S | Kill Confirmed,USP-S,Kill Confirmed,Factory New,1,1,1
Mar 11 2023,2023-03-11,538.98,2,USP-S | Kill Confirmed,USP-S,Kill Confirmed,Factory New,1,1,1
Mar 13 2023,2023-03-13,540.78,1,USP-S | Kill Confirmed,USP-S,Kill Confirmed,Factory New,1,1,1
Mar 14 2023,2023-03-14,541.11,1,USP-S | Kill Confirmed,USP-S,Kill Confirmed,Factory New,1,1,1
Mar 16 2023,2023-03-16,542.66,1,USP-S | Kill Confirmed,USP-S,Kill Confirmed,Factory New,1,1,1
Mar 19 2023,2023-03-19,533.97,1,USP-S | Kill Confirmed,USP-S,Kill Confirmed,Factory New,1,1,1
Mar 20 2023,2023-03-20,533.96,1,USP-S | Kill Confirmed,USP-S,Kill Confirmed,Factory New,1,1,1
Mar 24 2023,2023-03-24,534.19,1,USP-S | Kill Confirmed,USP-S,Kill Confirmed,Factory New,1,1,1
Mar 25 2023,2023-03-25,533.79,1,USP-S | Kill Confirmed,USP-S,Kill Confirmed,Factory New,1,1,1
Mar 26 2023,2023-03-26,535.0,1,USP-S | Kill Confirmed,USP-S,Kill Confirmed,Factory New,1,1,1
Mar 29 2023,2023-03-29,579.65,2,USP-S | Kill Confirmed,USP-S,Kill Confirmed,Factory New,1,1,1
Apr 01 2023,2023-04-01,576.32,1,USP-S | Kill Confirmed,USP-S,Kill Confirmed,Factory New,1,1,1
Apr 03 2023,2023-04-03,612.614,1,USP-S | Kill Confirmed,USP-S,Kill Confirmed,Factory New,1,1,1
Apr 05 2023,2023-04-05,606.425,2,USP-S | Kill Confirmed,USP-S,Kill Confirmed,Factory New,1,1,1
Apr 09 2023,2023-04-09,596.06,1,USP-S | Kill Confirmed,USP-S,Kill Confirmed,Factory New,1,1,1
Apr 12 2023,2023-04-12,776.186,2,USP-S | Kill Confirmed,USP-S,Kill Confirmed,Factory New,1,1,1
Apr 17 2023,2023-04-17,858.823,1,USP-S | Kill Confirmed,USP-S,Kill Confirmed,Factory New,1,1,1
Apr 18 2023,2023-04-18,666.11,1,USP-S | Kill Confirmed,USP-S,Kill Confirmed,Factory New,1,1,1
Apr 19 2023,2023-04-19,689.011,1,USP-S | Kill Confirmed,USP-S,Kill Confirmed,Factory New,1,1,1
Apr 26 2023,2023-04-26,726.0,1,USP-S | Kill Confirmed,USP-S,Kill Confirmed,Factory New,1,1,1
Apr 30 2023,2023-04-30,625.07,1,USP-S | Kill Confirmed,USP-S,Kill Confirmed,Factory New,1,1,1
May 05 2023,2023-05-05,663.8,1,USP-S | Kill Confirmed,USP-S,Kill Confirmed,Factory New,1,1,1
May 06 2023,2023-05-06,630.0,1,USP-S | Kill Confirmed,USP-S,Kill Confirmed,Factory New,1,1,1
May 07 2023,2023-05-07,576.61,1,USP-S | Kill Confirmed,USP-S,Kill Confirmed,Factory New,1,1,1
May 22 2023,2023-05-22,601.25,1,USP-S | Kill Confirmed,USP-S,Kill Confirmed,Factory New,1,1,1
May 24 2023,2023-05-24,731.845,2,USP-S | Kill Confirmed,USP-S,Kill Confirmed,Factory New,1,1,1
Jun 01 2023,2023-06-01,605.63,1,USP-S | Kill Confirmed,USP-S,Kill Confirmed,Factory New,1,1,1
Jun 05 2023,2023-06-05,600.0,1,USP-S | Kill Confirmed,USP-S,Kill Confirmed,Factory New,1,1,1
Jun 16 2023,2023-06-16,706.99,1,USP-S | Kill Confirmed,USP-S,Kill Confirmed,Factory New,1,1,1
Jun 17 2023,2023-06-17,711.85,1,USP-S | Kill Confirmed,USP-S,Kill Confirmed,Factory New,1,1,1
Jun 20 2023,2023-06-20,697.1,1,USP-S | Kill Confirmed,USP-S,Kill Confirmed,Factory New,1,1,1
Jun 21 2023,2023-06-21,702.05,1,USP-S | Kill Confirmed,USP-S,Kill Confirmed,Factory New,1,1,1
Jun 22 2023,2023-06-22,702.39,1,USP-S | Kill Confirmed,USP-S,Kill Confirmed,Factory New,1,1,1
Jun 23 2023,2023-06-23,688.09,1,USP-S | Kill Confirmed,USP-S,Kill Confirmed,Factory New,1,1,1
Jun 24 2023,2023-06-24,781.998,1,USP-S | Kill Confirmed,USP-S,Kill Confirmed,Factory New,1,1,1
Jun 27 2023,2023-06-27,702.25,1,USP-S | Kill Confirmed,USP-S,Kill Confirmed,Factory New,1,1,1
Jul 01 2023,2023-07-01,599.0,1,USP-S | Kill Confirmed,USP-S,Kill Confirmed,Factory New,1,1,1
Jul 04 2023,2023-07-04,623.14,1,USP-S | Kill Confirmed,USP-S,Kill Confirmed,Factory New,1,1,1
Jul 12 2023,2023-07-12,860.402,2,USP-S | Kill Confirmed,USP-S,Kill Confirmed,Factory New,1,1,1
Jul 15 2023,2023-07-15,738.665,1,USP-S | Kill Confirmed,USP-S,Kill Confirmed,Factory New,1,1,1
Jul 25 2023,2023-07-25,648.645,2,USP-S | Kill Confirmed,USP-S,Kill Confirmed,Factory New,1,1,1
Aug 05 2023,2023-08-05,661.062,1,USP-S | Kill Confirmed,USP-S,Kill Confirmed,Factory New,1,1,1
Aug 08 2023,2023-08-08,665.01,1,USP-S | Kill Confirmed,USP-S,Kill Confirmed,Factory New,1,1,1
Aug 12 2023,2023-08-12,769.35,1,USP-S | Kill Confirmed,USP-S,Kill Confirmed,Factory New,1,1,1
Sep 01 2023,2023-09-01,720.176,1,USP-S | Kill Confirmed,USP-S,Kill Confirmed,Factory New,1,1,1
Sep 03 2023,2023-09-03,601.0,1,USP-S | Kill Confirmed,USP-S,Kill Confirmed,Factory New,1,1,1
Sep 06 2023,2023-09-06,617.29,1,USP-S | Kill Confirmed,USP-S,Kill Confirmed,Factory New,1,1,1
Sep 09 2023,2023-09-09,749.62,1,USP-S | Kill Confirmed,USP-S,Kill Confirmed,Factory New,1,1,1
Sep 10 2023,2023-09-10,636.89,1,USP-S | Kill Confirmed,USP-S,Kill Confirmed,Factory New,1,1,1
Sep 13 2023,2023-09-13,689.01,2,USP-S | Kill Confirmed,USP-S,Kill Confirmed,Factory New,1,1,1
Sep 16 2023,2023-09-16,655.34,1,USP-S | Kill Confirmed,USP-S,Kill Confirmed,Factory New,1,1,1
Sep 21 2023,2023-09-21,615.755,1,USP-S | Kill Confirmed,USP-S,Kill Confirmed,Factory New,1,1,1
Sep 26 2023,2023-09-26,650.0,1,USP-S | Kill Confirmed,USP-S,Kill Confirmed,Factory New,1,1,1
Sep 27 2023,2023-09-27,659.15,1,USP-S | Kill Confirmed,USP-S,Kill Confirmed,Factory New,1,1,1
Oct 03 2023,2023-10-03,642.89,1,USP-S | Kill Confirmed,USP-S,Kill Confirmed,Factory New,1,1,1
Oct 07 2023,2023-10-07,646.341,1,USP-S | Kill Confirmed,USP-S,Kill Confirmed,Factory New,1,1,1
Oct 10 2023,2023-10-10,710.219,1,USP-S | Kill Confirmed,USP-S,Kill Confirmed,Factory New,1,1,1
Oct 17 2023,2023-10-17,699.99,2,USP-S | Kill Confirmed,USP-S,Kill Confirmed,Factory New,1,1,1
Oct 21 2023,2023-10-21,784.283,1,USP-S | Kill Confirmed,USP-S,Kill Confirmed,Factory New,1,1,1
Oct 23 2023,2023-10-23,700.0,1,USP-S | Kill Confirmed,USP-S,Kill Confirmed,Factory New,1,1,1
Nov 01 2023,2023-11-01,760.882,1,USP-S | Kill Confirmed,USP-S,Kill Confirmed,Factory New,1,1,1
Nov 06 2023,2023-11-06,771.057,1,USP-S | Kill Confirmed,USP-S,Kill Confirmed,Factory New,1,1,1
Dec 01 2023,2023-12-01,676.096,1,USP-S | Kill Confirmed,USP-S,Kill Confirmed,Factory New,1,1,1
Dec 07 2023,2023-12-07,621.824,1,USP-S | Kill Confirmed,USP-S,Kill Confirmed,Factory New,1,1,1
Dec 09 2023,2023-12-09,598.645,2,USP-S | Kill Confirmed,USP-S,Kill Confirmed,Factory New,1,1,1
Dec 12 2023,2023-12-12,596.06,1,USP-S | Kill Confirmed,USP-S,Kill Confirmed,Factory New,1,1,1
Dec 28 2023,2023-12-28,997.532,1,USP-S | Kill Confirmed,USP-S,Kill Confirmed,Factory New,1,1,1
Jan 03 2024,2024-01-03,661.88,1,USP-S | Kill Confirmed,USP-S,Kill Confirmed,Factory New,1,1,1
Jan 18 2024,2024-01-18,563.7,1,USP-S | Kill Confirmed,USP-S,Kill Confirmed,Factory New,1,1,1
Jan 21 2024,2024-01-21,542.61,1,USP-S | Kill Confirmed,USP-S,Kill Confirmed,Factory New,1,1,1
Jan 22 2024,2024-01-22,783.69,1,USP-S | Kill Confirmed,USP-S,Kill Confirmed,Factory New,1,1,1
Jan 28 2024,2024-01-28,540.0,1,USP-S | Kill Confirmed,USP-S,Kill Confirmed,Factory New,1,1,1
Feb 03 2024,2024-02-03,515.84,1,USP-S | Kill Confirmed,USP-S,Kill Confirmed,Factory New,1,1,1
Feb 08 2024,2024-02-08,484.063,2,USP-S | Kill Confirmed,USP-S,Kill Confirmed,Factory New,1,1,1
Feb 11 2024,2024-02-11,472.08,1,USP-S | Kill Confirmed,USP-S,Kill Confirmed,Factory New,1,1,1
Feb 20 2024,2024-02-20,494.205,2,USP-S | Kill Confirmed,USP-S,Kill Confirmed,Factory New,1,1,1
Feb 22 2024,2024-02-22,483.13,1,USP-S | Kill Confirmed,USP-S,Kill Confirmed,Factory New,1,1,1
Mar 13 2024,2024-03-13,494.7,1,USP-S | Kill Confirmed,USP-S,Kill Confirmed,Factory New,1,1,1
Mar 16 2024,2024-03-16,499.5,1,USP-S | Kill Confirmed,USP-S,Kill Confirmed,Factory New,1,1,1
Mar 26 2024,2024-03-26,725.46,1,USP-S | Kill Confirmed,USP-S,Kill Confirmed,Factory New,1,1,1
Mar 28 2024,2024-03-28,717.89,1,USP-S | Kill Confirmed,USP-S,Kill Confirmed,Factory New,1,1,1
Apr 01 2024,2024-04-01,528.1,1,USP-S | Kill Confirmed,USP-S,Kill Confirmed,Factory New,1,1,1
Apr 09 2024,2024-04-09,642.922,1,USP-S | Kill Confirmed,USP-S,Kill Confirmed,Factory New,1,1,1
Apr 14 2024,2024-04-14,724.999,1,USP-S | Kill Confirmed,USP-S,Kill Confirmed,Factory New,1,1,1
Apr 20 2024,2024-04-20,534.013,1,USP-S | Kill Confirmed,USP-S,Kill Confirmed,Factory New,1,1,1
Apr 21 2024,2024-04-21,669.57,1,USP-S | Kill Confirmed,USP-S,Kill Confirmed,Factory New,1,1,1
May 13 2024,2024-05-13,821.4,1,USP-S | Kill Confirmed,USP-S,Kill Confirmed,Factory New,1,1,1
May 25 2024,2024-05-25,721.91,1,USP-S | Kill Confirmed,USP-S,Kill Confirmed,Factory New,1,1,1
May 27 2024,2024-05-27,559.44,1,USP-S | Kill Confirmed,USP-S,Kill Confirmed,Factory New,1,1,1
Jun 03 2024,2024-06-03,581.99,1,USP-S | Kill Confirmed,USP-S,Kill Confirmed,Factory New,1,1,1
Jun 06 2024,2024-06-06,580.15,1,USP-S | Kill Confirmed,USP-S,Kill Confirmed,Factory New,1,1,1
Jun 13 2024,2024-06-13,738.0,1,USP-S | Kill Confirmed,USP-S,Kill Confirmed,Factory New,1,1,1
Jun 17 2024,2024-06-17,560.157,3,USP-S | Kill Confirmed,USP-S,Kill Confirmed,Factory New,1,1,1
Jul 09 2024,2024-07-09,509.25,2,USP-S | Kill Confirmed,USP-S,Kill Confirmed,Factory New,1,1,1
Jul 18 2024,2024-07-18,549.33,1,USP-S | Kill Confirmed,USP-S,Kill Confirmed,Factory New,1,1,1
Aug 08 2024,2024-08-08,562.05,1,USP-S | Kill Confirmed,USP-S,Kill Confirmed,Factory New,1,1,1
Aug 15 2024,2024-08-15,668.04,1,USP-S | Kill Confirmed,USP-S,Kill Confirmed,Factory New,1,1,1
Aug 27 2024,2024-08-27,668.44,1,USP-S | Kill Confirmed,USP-S,Kill Confirmed,Factory New,1,1,1
Aug 28 2024,2024-08-28,564.835,1,USP-S | Kill Confirmed,USP-S,Kill Confirmed,Factory New,1,1,1
Sep 07 2024,2024-09-07,609.0,1,USP-S | Kill Confirmed,USP-S,Kill Confirmed,Factory New,1,1,1
Sep 12 2024,2024-09-12,605.545,1,USP-S | Kill Confirmed,USP-S,Kill Confirmed,Factory New,1,1,1
Sep 16 2024,2024-09-16,575.52,1,USP-S | Kill Confirmed,USP-S,Kill Confirmed,Factory New,1,1,1
Sep 17 2024,2024-09-17,575.31,1,USP-S | Kill Confirmed,USP-S,Kill Confirmed,Factory New,1,1,1
Sep 24 2024,2024-09-24,562.06,1,USP-S | Kill Confirmed,USP-S,Kill Confirmed,Factory New,1,1,1
Oct 07 2024,2024-10-07,550.55,1,USP-S | Kill Confirmed,USP-S,Kill Confirmed,Factory New,1,1,1
Oct 21 2024,2024-10-21,732.73,1,USP-S | Kill Confirmed,USP-S,Kill Confirmed,Factory New,1,1,1
Oct 22 2024,2024-10-22,627.15,1,USP-S | Kill Confirmed,USP-S,Kill Confirmed,Factory New,1,1,1
Oct 28 2024,2024-10-28,557.45,1,USP-S | Kill Confirmed,USP-S,Kill Confirmed,Factory New,1,1,1
Nov 07 2024,2024-11-07,571.37,1,USP-S | Kill Confirmed,USP-S,Kill Confirmed,Factory New,1,1,1
Nov 14 2024,2024-11-14,761.055,2,USP-S | Kill Confirmed,USP-S,Kill Confirmed,Factory New,1,1,1
Nov 16 2024,2024-11-16,741.09,1,USP-S | Kill Confirmed,USP-S,Kill Confirmed,Factory New,1,1,1
Dec 18 2024,2024-12-18,720.001,1,USP-S | Kill Confirmed,USP-S,Kill Confirmed,Factory New,1,1,1
Jan 01 2025,2025-01-01,726.94,1,USP-S | Kill Confirmed,USP-S,Kill Confirmed,Factory New,1,1,1
Jan 05 2025,2025-01-05,589.0,1,USP-S | Kill Confirmed,USP-S,Kill Confirmed,Factory New,1,1,1
Jan 10 2025,2025-01-10,592.11,1,USP-S | Kill Confirmed,USP-S,Kill Confirmed,Factory New,1,1,1
Jan 11 2025,2025-01-11,591.49,1,USP-S | Kill Confirmed,USP-S,Kill Confirmed,Factory New,1,1,1
Feb 08 2025,2025-02-08,593.37,1,USP-S | Kill Confirmed,USP-S,Kill Confirmed,Factory New,1,1,1
Feb 12 2025,2025-02-12,660.86,1,USP-S | Kill Confirmed,USP-S,Kill Confirmed,Factory New,1,1,1
Feb 27 2025,2025-02-27,703.364,1,USP-S | Kill Confirmed,USP-S,Kill Confirmed,Factory New,1,1,1
Mar 08 2025,2025-03-08,674.83,1,USP-S | Kill Confirmed,USP-S,Kill Confirmed,Factory New,1,1,1
Apr 07 2025,2025-04-07,704.0,1,USP-S | Kill Confirmed,USP-S,Kill Confirmed,Factory New,1,1,1
Apr 12 2025,2025-04-12,681.58,1,USP-S | Kill Confirmed,USP-S,Kill Confirmed,Factory New,1,1,1
May 01 2025,2025-05-01,795.171,1,USP-S | Kill Confirmed,USP-S,Kill Confirmed,Factory New,1,1,1
Jul 27 2025,2025-07-27,833.75,1,USP-S | Kill Confirmed,USP-S,Kill Confirmed,Factory New,1,1,1
